view,case_id,cohort,point,cell_id,measured_blocks
T,bb84_n18,primary,T1,cell-5a0d55996c90e4b5adc824c1861e7bbfe0133ee4ec1944e6c65a3c023b99d88b,"[1,2,3,4,5]"
T,bb84_n18,primary,T2,cell-2ba5433672891faa7e058961bb03b593c6d0a4a6d893dc5d98072c5de9137cca,"[1,2,3,4,5]"
T,bb84_n18,primary,T3,cell-80f18c66ae54e5b98dd1439d7aae6d5f0b65b9100f911f69d318749253855069,"[1,2,3,4,5]"
T,bb84_n18,primary,T4,cell-38f6656953da69416895100d9ebbff1f7378d13005379c1af8d655b068fc17bf,"[1,2,3,4,5]"
T,bb84_n18,primary,T5,cell-81d944ad32fa493c692697452a4622141ce4bc0ada0ded9f04f1fa0479f5909a,"[1,2,3,4,5]"
T,bb84_n18,primary,T6,cell-363c438768ade2018361263dd6db3913279795dea46d6cc7bc32a14cccb48a8f,"[1,2,3,4,5]"
T,bb84_n18,primary,T7,cell-44b591523cc1e116919f7d39c13c4891a39401832dce3d5e7b2cfffede891319,"[1,2,3,4,5]"
T,bb84_n18,primary,T8,cell-1ecd50fb53ab8b81de7b4edafbca637a05b50837f567d494ea7ab719b544f281,"[1,2,3,4,5]"
T,bb84_n18,primary,T9,cell-c8ffd1cd9119868f092bb2e3b00022f2a5d458ee491c328a50fc0ce21fbb2400,"[1,2,3,4,5]"
T,bb84_n18,primary,T10,cell-537bbe0d115e3b7c5cba6e7789a2b127e7cebf714b4cc258d52875076510b80c,"[1,2,3,4,5]"
T,bb84_n18,primary,T11,cell-560dbf9ec78f4c4476f11c0ff16f999ab6255803caa7becee697ab3feb17c346,"[1,2,3,4,5]"
T,bb84_n18,primary,T12,cell-41a80064f42c608781d7a9f5e22255e489b7915bf59c559422ad7437423c116c,"[1,2,3,4,5]"
T,bb84_n18,primary,T13,cell-1d24c68be5191bb1e50adda9fd660742815cea145f30ae303e14292c195f43bc,"[1,2,3,4,5]"
T,bb84_n18,primary,T14,cell-4a7a78320dd20510acc73c92c2519e8aa1bf1e943ab62818b023a1d3da1d129c,"[1,2,3,4,5]"
T,bb84_n18,primary,T15,cell-5527f48b6210b6c22c9d62fe38aaa34ab204bb6a04911664fa11d566db165b65,"[1,2,3,4,5]"
T,bb84_n18,primary,T16,cell-b837a3d7b276a4c1c0dfebec8acfb2ac2822214660406232db44199d44f4d260,"[1,2,3,4,5]"
T,bb84_n18,primary,T17,cell-e7d3142651d83281f7468e36bbc2bafeadc0f39a7e1059594b454fdfc0679c24,"[1,2,3,4,5]"
T,bb84_n18,primary,T18,cell-213d0e5f374fbd219806c2a749d4ddfc4dc9c9048b219e774996de590325196b,"[1,2,3,4,5]"
T,bb84_n18,primary,T19,cell-afaa87f8ccc6c7bc02bfee0c8969931ce5f4221366d4a8c65de49d00bc871084,"[1,2,3,4,5]"
T,bb84_n18,primary,T20,cell-7b56a0c037bcdb07d7dfa346f9b5d4e9335993de804bafd1677d99bf810518f9,"[1,2,3,4,5]"
T,bb84_n18,primary,T21,cell-fd6bba306ed29882718b56479ae3b672dda900f422bfc4e198ad55c4bac3e8c2,"[1,2,3,4,5]"
T,bb84_n18,primary,T22,cell-485dbea61732ce946e539d52183d18a85c9ddff07fffaf122247b3711d894860,"[1,2,3,4,5]"
T,bb84_n18,primary,T23,cell-573a03bb74f298380d84e5c8199260b1a4067bb396bac8603656a1df62cc5d6a,"[1,2,3,4,5]"
T,bb84_n18,primary,T24,cell-4d763bd3c222c55a34c4860bbe956a1dfe229c38fa4ba2afbca8a5136abd7d30,"[1,2,3,4,5]"
D,bb84_n18,primary,D1/T8,cell-bdfd7c724dbe80ec4eeff940d8065ffa90998db84da65a1e808bface9d7fc382,"[1,2,3,4,5]"
D,bb84_n18,primary,D2/T8,cell-59eb5e9936993775a5d0932f73104e6ef6671f3418a37a2e307d345eccdea3ac,"[1,2,3,4,5]"
D,bb84_n18,primary,D4/T8,cell-a31ebb6b0207a41d5afb98416e3dd2343d493a97430cf0858204fbe1793c5596,"[1,2,3,4,5]"
D,bb84_n18,primary,D8/T8,cell-119537c0c1d2f47cd180a6aace4f45e741f69ae190e1b91840444837d4ff4882,"[1,2,3,4,5]"
D,bb84_n18,primary,D16/T8,cell-96e2d43a66b2751d33b0f580a36265e8a4c245ef116686461d5f90078bd8c4d6,"[1,2,3,4,5]"
D,bb84_n18,primary,D32/T8,cell-92f7bcbd0e0c2d03cf57dd62e29c2179e781fc148071c5685dff7ae0203965b0,"[1,2,3,4,5]"
D,bb84_n18,primary,D64/T8,cell-2ba4aca7c0a99130160da155db333eb22b92bdb107b36e45b6cfa4dcae105b63,"[1,2,3,4,5]"
D,bb84_n18,primary,D1/T24,cell-9352091e95134448ae9c45f33b248cfbb5d12770dcad6516847a68e419c5aa57,"[1,2,3,4,5]"
D,bb84_n18,primary,D2/T24,cell-b51765e033afc591eefd5d0fa0685e8a9c5a58c9941a1754bac203a171ed63c6,"[1,2,3,4,5]"
D,bb84_n18,primary,D4/T24,cell-c6b638591bd34c0d44e720e47bcc94c8e172dcfd3df153f0796529185c7e5e8f,"[1,2,3,4,5]"
D,bb84_n18,primary,D8/T24,cell-2eb35c4c6bfa7e6aeec2e5359af7eedd818c72e7a5ef1ae2074ebc76f265ae42,"[1,2,3,4,5]"
D,bb84_n18,primary,D16/T24,cell-23e31d9ff523bb2574b3574466dde4969f4ec92777c4d6c32e1bfca4aefb8f4f,"[1,2,3,4,5]"
D,bb84_n18,primary,D32/T24,cell-8604a39ea79fba46dcf1edf711888073df4ed40b3f381b6b29f134af1d2871dd,"[1,2,3,4,5]"
D,bb84_n18,primary,D64/T24,cell-4462c4fa72751a611cc360651ce63900d5cd03c062c58c0a3816d7ae3c658526,"[1,2,3,4,5]"
A,bb84_n18,primary,A0,cell-5a0d55996c90e4b5adc824c1861e7bbfe0133ee4ec1944e6c65a3c023b99d88b,"[1,2,3,4,5,6,7]"
A,bb84_n18,primary,A1,cell-1ecd50fb53ab8b81de7b4edafbca637a05b50837f567d494ea7ab719b544f281,"[1,2,3,4,5,6,7]"
A,bb84_n18,primary,A2,cell-4ec858e90d26b934caa128dfba75b25639ca40b79d73f85c81477b7c24c1ce12,"[1,2,3,4,5,6,7]"
A,bb84_n18,primary,A3,cell-3e51cfb3e1f72db850747c1313cf9e53f51a7d319f70d6370eddf641cabf1c71,"[1,2,3,4,5,6,7]"
A,bb84_n18,primary,A4,cell-a31ebb6b0207a41d5afb98416e3dd2343d493a97430cf0858204fbe1793c5596,"[1,2,3,4,5,6,7]"
T,bv_n18,primary,T1,cell-126b61ae3d77f074a408c6e7f792e952c10e9f99a0becf6f171f7d04d05847d1,"[1,2,3,4,5]"
T,bv_n18,primary,T2,cell-9f63a776690668364561605a31d19ffe43a2d4b1ae97e4d6dbc10f19102b9cb4,"[1,2,3,4,5]"
T,bv_n18,primary,T3,cell-0bd687748b8a5cb1662433a7aa07f932cde6ea81e14a56df76c0654b4eaa19b0,"[1,2,3,4,5]"
T,bv_n18,primary,T4,cell-27c43433d1fab118e59bb8d097a5deceb038b527be9258cfe7c268c398a5a247,"[1,2,3,4,5]"
T,bv_n18,primary,T5,cell-a16afb173de7f6bde7b64395cd335727f945079499943405494fdb1ac5376fdf,"[1,2,3,4,5]"
T,bv_n18,primary,T6,cell-3fa3987d0c49373e092dad40f0113a2674e791372b12a942925d9cd1594dbd9b,"[1,2,3,4,5]"
T,bv_n18,primary,T7,cell-31a74faad05704fadbdadaed9ca7bfdd6dccfad4d551af1ffc09892eba0f638e,"[1,2,3,4,5]"
T,bv_n18,primary,T8,cell-517d732a7ef24dfdd0dace299d8be74b7f1a671cddc63f606b5aed12fa16b78c,"[1,2,3,4,5]"
T,bv_n18,primary,T9,cell-72921fb54f8859a27d6ab1c50bb318525b1c5cced9b206ef512b014aa5bc2f51,"[1,2,3,4,5]"
T,bv_n18,primary,T10,cell-1d597d23c15dd0551203e7f7820f9e792320b9fa8cbce3c03acd395043fe7804,"[1,2,3,4,5]"
T,bv_n18,primary,T11,cell-e769c5e9cb1ac7f08989850c74fd29b6521a343220d2a37e2b531578ee4592a1,"[1,2,3,4,5]"
T,bv_n18,primary,T12,cell-246adeb90cc7ce87c09f36c5a8a75744f5bc9f1887bc44f24b60ebfb2077774b,"[1,2,3,4,5]"
T,bv_n18,primary,T13,cell-8d7aa71e4fed7fd459ca37eb1203a433d71adf3a773a97bc18f20ecd60a0acc4,"[1,2,3,4,5]"
T,bv_n18,primary,T14,cell-a7a09be8af69d4e20f52139fa5f496eae05492e1fef13030e2b052b376c6cc86,"[1,2,3,4,5]"
T,bv_n18,primary,T15,cell-390fa7d6b9be20a490ed091d8e1ab35913b9aea0388eca2415116f6b348bc6d9,"[1,2,3,4,5]"
T,bv_n18,primary,T16,cell-ed3cc79ef9e813684d9bf7f0749a9d59f3044b78e6a33be6a9428d7e04291e06,"[1,2,3,4,5]"
T,bv_n18,primary,T17,cell-37afb89a81a4a33c7dfb15a56cd7251527eed1cf68194c2af96b958eb8f69310,"[1,2,3,4,5]"
T,bv_n18,primary,T18,cell-128a03d27a53e2ef477447e22d2b9c56f6d950db52099597f69373743fc9f90a,"[1,2,3,4,5]"
T,bv_n18,primary,T19,cell-8f125914e5e90bda2ddcbc79e9d7ebd200c5226e5b19694368c08208b9c2c058,"[1,2,3,4,5]"
T,bv_n18,primary,T20,cell-9d5681dfa3a394178d79792df4f946d54e52f60ba1ef3834f35941b0047fe06a,"[1,2,3,4,5]"
T,bv_n18,primary,T21,cell-67bc542f4af1bf62bbb366a159bc7adea10f351cb3daa85ed326e560d9d6cd6a,"[1,2,3,4,5]"
T,bv_n18,primary,T22,cell-f0592b63359092a4dd7f1fabbb4751557a7134794b5ac6d6210c354b46f52546,"[1,2,3,4,5]"
T,bv_n18,primary,T23,cell-883a761865c6b564adb419ac2692bdcc773aa306f2390852b8b8a6a881a11d46,"[1,2,3,4,5]"
T,bv_n18,primary,T24,cell-c18ef2d61753bcc8eb94479539b24357057e44a9f2276fa5122655b55dfa310f,"[1,2,3,4,5]"
D,bv_n18,primary,D1/T8,cell-612780dbe66573e44b023844c3c4d81faf85f5a53cbc5b9869ff63fec98d88ee,"[1,2,3,4,5]"
D,bv_n18,primary,D2/T8,cell-9cdf896f1b31dad89b1a6e2614868103decb3c8459e0ce2364d3d147a5d33c8b,"[1,2,3,4,5]"
D,bv_n18,primary,D4/T8,cell-df6d73f1d629cbf673b3bdaf67a8d6c3c87167bf0b5f0958808c051f3693bbfc,"[1,2,3,4,5]"
D,bv_n18,primary,D8/T8,cell-8319ff84a715b539a4b6080d00139da4330df8e26aae09514f3537559584eac8,"[1,2,3,4,5]"
D,bv_n18,primary,D16/T8,cell-e37075a3ed91a17441f373af0ed64aa3bb573d1ad2ffaf43d52e93763b6ccff0,"[1,2,3,4,5]"
D,bv_n18,primary,D32/T8,cell-d939071d201339f3f0116e8b10395662573c34f2159e52fbe3c3a7e1badffa83,"[1,2,3,4,5]"
D,bv_n18,primary,D64/T8,cell-5d78dce6dc84dc97491aadb67fbec76c54db114bde1d375e073564e93a3b3a89,"[1,2,3,4,5]"
D,bv_n18,primary,D1/T24,cell-9524edade319ec36c6179b0928d56c8128959f6f68706dc9d1b4455c3e2e1c59,"[1,2,3,4,5]"
D,bv_n18,primary,D2/T24,cell-c9a6ea693d6f5cd234390a283df853426e26cf172ee9c48b65d36289c628a512,"[1,2,3,4,5]"
D,bv_n18,primary,D4/T24,cell-73f31fce30700c1888dafc217ecc873d59a066bc4b8edd2d0e3b1a2a728aca69,"[1,2,3,4,5]"
D,bv_n18,primary,D8/T24,cell-c55ecad90eac6403b0999cd38f78a1a7c8a7d57d1adc38c0ee0aa55f04723adc,"[1,2,3,4,5]"
D,bv_n18,primary,D16/T24,cell-ad8cb6d223e15297a8c9b4d1de8844fc5148fdef4de7d8b78026ef1c53347be1,"[1,2,3,4,5]"
D,bv_n18,primary,D32/T24,cell-4485a23047fc85f20187332f59f01c26f0048698090709eb18bb30807f87bdea,"[1,2,3,4,5]"
D,bv_n18,primary,D64/T24,cell-9d400f02c2b4f0251cc5e5e5a8bddf4a37d725a3c0e1cb27466527799aeadb6d,"[1,2,3,4,5]"
A,bv_n18,primary,A0,cell-126b61ae3d77f074a408c6e7f792e952c10e9f99a0becf6f171f7d04d05847d1,"[1,2,3,4,5,6,7]"
A,bv_n18,primary,A1,cell-517d732a7ef24dfdd0dace299d8be74b7f1a671cddc63f606b5aed12fa16b78c,"[1,2,3,4,5,6,7]"
A,bv_n18,primary,A2,cell-27c18d2412712834791e7c0cc0829ed090f136a3a5edb97626f5fecf79847894,"[1,2,3,4,5,6,7]"
A,bv_n18,primary,A3,cell-41d0160c90f4b398c9f714b29aebac0ec7cae76ca1fb939ae993068d0e9d58b5,"[1,2,3,4,5,6,7]"
A,bv_n18,primary,A4,cell-df6d73f1d629cbf673b3bdaf67a8d6c3c87167bf0b5f0958808c051f3693bbfc,"[1,2,3,4,5,6,7]"
T,edc_n17,primary,T1,cell-904ebdc712d340bcb710b7bfe9226aa0eca39ea6396e1120cafcc7ae7ef26e94,"[1,2,3,4,5]"
T,edc_n17,primary,T2,cell-952ef1d31d16e88be7ac3b01d0dc6d8e1279e6803b4ebf96be064a193b3fcb0a,"[1,2,3,4,5]"
T,edc_n17,primary,T3,cell-ff065cda487a892bcc33a4c9bd008858f0aebc8014f4f02cf8d50e8e4f621715,"[1,2,3,4,5]"
T,edc_n17,primary,T4,cell-558fbfafd0736d8eb7f9b44c1780d982f3b74a2dfbdfd7f026d074c2eaace5b7,"[1,2,3,4,5]"
T,edc_n17,primary,T5,cell-28a076e81e2ce786fed441c12b120aec7afb9b54fe94475395c4a7c4e196f7ae,"[1,2,3,4,5]"
T,edc_n17,primary,T6,cell-6613a8a1d3d0699b41f4bf88712908b24abdf9c0735646af512cad2c54669d13,"[1,2,3,4,5]"
T,edc_n17,primary,T7,cell-19e801741b6d9478a56f5e7948f34c149a48258ab4445b2d2b5dbb7dcefd72e9,"[1,2,3,4,5]"
T,edc_n17,primary,T8,cell-80ff103fe974788386d5ac93701495ae466d82afac13069f32f0942da82e683e,"[1,2,3,4,5]"
T,edc_n17,primary,T9,cell-6b065fbf5b2b3b1b5665d3894aac247f70cc302ffc1abbdf287f12522cd19bb9,"[1,2,3,4,5]"
T,edc_n17,primary,T10,cell-1576540bc9eddf62742fbd58f0b7654291b8f8d3bed5a913998540fcbf706f4c,"[1,2,3,4,5]"
T,edc_n17,primary,T11,cell-c12b269a154b94bac91bb66592e5f1e873a416f6034b8da42e97bdde61c8ef81,"[1,2,3,4,5]"
T,edc_n17,primary,T12,cell-5e22d583e02f4033c7e53e01d2dd7517d4dd22432ee588f330c25826028b83b8,"[1,2,3,4,5]"
T,edc_n17,primary,T13,cell-6588f5e5635bb8d69c6eaec83a8876038cb82b468f0616de84e5e835a2e251a8,"[1,2,3,4,5]"
T,edc_n17,primary,T14,cell-61e27e4784b0028b4d7911231caf06972873c473197261743479061c10eef60d,"[1,2,3,4,5]"
T,edc_n17,primary,T15,cell-d7aa7d86afa0e8dc33101bf830891a0fa0bce3622946b1ab20b33c49c6432635,"[1,2,3,4,5]"
T,edc_n17,primary,T16,cell-d3173ad9f3574e0234c4e6480d8630abfb7734066977ec2dd141800e1bbf0786,"[1,2,3,4,5]"
T,edc_n17,primary,T17,cell-e190a47082ec9e2551ee031f2d6142817c5fce0418797ac602a590ba7347497c,"[1,2,3,4,5]"
T,edc_n17,primary,T18,cell-33ddfa0fe7332075b32d41fe6a591bd1ff1908443aa7dff7f4d52ee053e43841,"[1,2,3,4,5]"
T,edc_n17,primary,T19,cell-9f3cf3f445117aae658620fad86429c6bcf2402cf13a083e31b2ffaf37554b7c,"[1,2,3,4,5]"
T,edc_n17,primary,T20,cell-133afcdcb9fa34a6a6de42957d13828ae28575e5d53e58c55714a4d0c9800322,"[1,2,3,4,5]"
T,edc_n17,primary,T21,cell-453d66fde9fbbc9592c9a724cce5cdce07b27a4e56ca051587fa10a86c9c08df,"[1,2,3,4,5]"
T,edc_n17,primary,T22,cell-98d47586f377ec0841e201b236a3e4fded8f6fcf0b3d4aaf56070b138623e4c2,"[1,2,3,4,5]"
T,edc_n17,primary,T23,cell-b6d6783d5a9a8acc4090c2d35c5cc565a260dd0283bb8692ea7c87f24b2adae4,"[1,2,3,4,5]"
T,edc_n17,primary,T24,cell-f8fa0889123480f3d77ad9f4ed845143563cae1553538f6bb760eb20d872b95f,"[1,2,3,4,5]"
D,edc_n17,primary,D1/T8,cell-8b0bf0df67ee9209e3fbbe069fce7ca2c00aa2f8f44a0e1ead1cc4b73d48173f,"[1,2,3,4,5]"
D,edc_n17,primary,D2/T8,cell-b42dd2d4da1b9775505eb8eea77a53c456c30db23154ab2dd00d45ae73c5900c,"[1,2,3,4,5]"
D,edc_n17,primary,D4/T8,cell-51348aecf24e3d60a41c23fcf38ebf9168b1d70ec24c2c1c2c52e8d63009a1cd,"[1,2,3,4,5]"
D,edc_n17,primary,D8/T8,cell-ae151f7f49c1d4d0622a8f5239c8de5bdd9ab22d78bed9a2371f962fc471781d,"[1,2,3,4,5]"
D,edc_n17,primary,D16/T8,cell-20f030b1d877b1b931978161fc431edfd37f51bf58e78d734b722236a0fabd07,"[1,2,3,4,5]"
D,edc_n17,primary,D32/T8,cell-d1762a682984006083c1bc8430071a2dce19801239ff224b3f7cdea597f256b6,"[1,2,3,4,5]"
D,edc_n17,primary,D64/T8,cell-5751f0ce1e299a9971fafd7edf5b88bc8dcba69aa8e84d35586ccd593d992e0a,"[1,2,3,4,5]"
D,edc_n17,primary,D1/T24,cell-cd80fe1a6a9f6c39307b05663c8aa896428b54d8d994d17ba5be859d566329c2,"[1,2,3,4,5]"
D,edc_n17,primary,D2/T24,cell-9b68f46bb151830cda6536d0ff0fa6b17f4b5990a4faa9446419f5fb94a05c73,"[1,2,3,4,5]"
D,edc_n17,primary,D4/T24,cell-d1b27576ee4a7662c868c012f0c0c7ff62d8b5c92623b9d12331b8c45c299466,"[1,2,3,4,5]"
D,edc_n17,primary,D8/T24,cell-cf1efffbdfc800cfc28fe60c39c43b9324a2c9c9fc8ea72f162e63dd04711227,"[1,2,3,4,5]"
D,edc_n17,primary,D16/T24,cell-e49bde6e9a0bcc032c457dd9a5401ac10c8c0fb74880980b9c5fea3cdc3174b4,"[1,2,3,4,5]"
D,edc_n17,primary,D32/T24,cell-a123e888827b900a6d7ae821b36f989e630f53ed8a860a3e49d63945a4f562d0,"[1,2,3,4,5]"
D,edc_n17,primary,D64/T24,cell-75fdee8355aa8a8de282b8e4d06bf8c742e7ec158f18ddd5fa2f48d31b084676,"[1,2,3,4,5]"
A,edc_n17,primary,A0,cell-904ebdc712d340bcb710b7bfe9226aa0eca39ea6396e1120cafcc7ae7ef26e94,"[1,2,3,4,5,6,7]"
A,edc_n17,primary,A1,cell-80ff103fe974788386d5ac93701495ae466d82afac13069f32f0942da82e683e,"[1,2,3,4,5,6,7]"
A,edc_n17,primary,A2,cell-1dde1e724a2bdd2230f2f15ed21fefa8533c7ef7e4d450414f95801065033f3c,"[1,2,3,4,5,6,7]"
A,edc_n17,primary,A3,cell-b43b2af7ab592c01b655180c6e6571ede857847470bcf8c54101e7b6c5eac72e,"[1,2,3,4,5,6,7]"
A,edc_n17,primary,A4,cell-51348aecf24e3d60a41c23fcf38ebf9168b1d70ec24c2c1c2c52e8d63009a1cd,"[1,2,3,4,5,6,7]"
T,hs_n18,primary,T1,cell-bb60f34b41be7c2fa6b05d677af3a3914767425628955f479484c20bf0e1172c,"[1,2,3,4,5]"
T,hs_n18,primary,T2,cell-0a6e26f550cbb721b583b567cc6f79d55469a701ede674715014d157863e4754,"[1,2,3,4,5]"
T,hs_n18,primary,T3,cell-41eb596e5ad2a6b9234d3599b296aee791d48af63113a449c789746dd316243e,"[1,2,3,4,5]"
T,hs_n18,primary,T4,cell-5c3f99915a64b08a48f7b8439fb774119def11ff1daed501bacac26bd8462280,"[1,2,3,4,5]"
T,hs_n18,primary,T5,cell-f40d42fa83cb4d8b12b5893066b318ca3314fff1106a6dd3c014a249ad9a1b09,"[1,2,3,4,5]"
T,hs_n18,primary,T6,cell-098c63a3aa14fd727b444886359706baee3164b9dad72b8bfbc7426df735cdd4,"[1,2,3,4,5]"
T,hs_n18,primary,T7,cell-28e421ddfab83ffdf7704a5a2276d50a4ea00c5880427e302941b0cc0d19a911,"[1,2,3,4,5]"
T,hs_n18,primary,T8,cell-a81fcf1c11705e95b0da6a63b421d3f2b56b61f855696f95486be34223cfefd0,"[1,2,3,4,5]"
T,hs_n18,primary,T9,cell-8975124c43b98090857d3b63197d6f17ed305a464bfb46f18987462adf30f412,"[1,2,3,4,5]"
T,hs_n18,primary,T10,cell-ce5d55b151031bcfa6652473f5829218de904c243dce3c6096229d39e6855fd2,"[1,2,3,4,5]"
T,hs_n18,primary,T11,cell-dba233cc0f1c1729ed01ee3b570aabd2782fc95fc7cb7b4885637ea77d9c7961,"[1,2,3,4,5]"
T,hs_n18,primary,T12,cell-dc0a5cd48d8aa77156b662aa6ba12aea2cbb401895e92fe6227654deebfd835f,"[1,2,3,4,5]"
T,hs_n18,primary,T13,cell-cdf2294374037fedd53e7b19e6833aee04b7b19c942e66be7d83a8e2e713ed69,"[1,2,3,4,5]"
T,hs_n18,primary,T14,cell-25c8679e2877c487b94936b4e02ed2a920d6f4732513b5c9daea95e30c2fa469,"[1,2,3,4,5]"
T,hs_n18,primary,T15,cell-596a20b230eac7c1836b18a11ab446a949da9a043c3d536d4c1f5929c82fa878,"[1,2,3,4,5]"
T,hs_n18,primary,T16,cell-330409584dc20b8e574ede26c239106f4ed22bccc5577e65350848986e41a3a9,"[1,2,3,4,5]"
T,hs_n18,primary,T17,cell-21e77bd5995e103c62ce1087c1ae3f60fda72b0e27e363a739c8a2a67dbc1274,"[1,2,3,4,5]"
T,hs_n18,primary,T18,cell-d2a8e7a73666fa621549ac57fdd47b092338b048889dfa25ee8e6239a8ba99b0,"[1,2,3,4,5]"
T,hs_n18,primary,T19,cell-627c2470c16b7c87b091e36c1c827ec3999dedeb89daf885b9b0bd44ddc2de3c,"[1,2,3,4,5]"
T,hs_n18,primary,T20,cell-e15406721fd4fbadc501d6ec6616ef35cae714a043f08b3233805070848ae931,"[1,2,3,4,5]"
T,hs_n18,primary,T21,cell-1660b0baf87b188d6fbd40b87bffa7c07e4ea6b3e75c423444ee08976c3ba72e,"[1,2,3,4,5]"
T,hs_n18,primary,T22,cell-9a14090b1e44ab1f8b365506e8b1712564db88300eaa4242aa9b84f1280e5ebf,"[1,2,3,4,5]"
T,hs_n18,primary,T23,cell-62a9c7655ee325085d2d1e02a9b20a8693553526b571c7247fa97af5c2c2690a,"[1,2,3,4,5]"
T,hs_n18,primary,T24,cell-31b19b10b1d1886c26765c3cb05e62f1cb384dbd879b5655600d4d80bf1eb616,"[1,2,3,4,5]"
D,hs_n18,primary,D1/T8,cell-cde87601882f2fdc3d1805612483d608d3ef97161564649761deb12f18038ac0,"[1,2,3,4,5]"
D,hs_n18,primary,D2/T8,cell-0ed5739e09a3788e06add0b2956129ba25736e1a8787942dd358ea2f990fbcbe,"[1,2,3,4,5]"
D,hs_n18,primary,D4/T8,cell-8fc3ac603a1b1c47a22fcd983d1cf216c2dd22271a26c27f778e882fd3870024,"[1,2,3,4,5]"
D,hs_n18,primary,D8/T8,cell-b1054bf169f966ab46527680c9f2857407627fdce192e67589e484bf3994f589,"[1,2,3,4,5]"
D,hs_n18,primary,D16/T8,cell-faaef68fa7ed87038916e35764fdf4680cfad4f7b06409bce8e93024c09d3a67,"[1,2,3,4,5]"
D,hs_n18,primary,D32/T8,cell-2a4ed2570b383e0cc9be8f709cd0ae9a21d4dc6a256e8134e25b3f3fae555788,"[1,2,3,4,5]"
D,hs_n18,primary,D64/T8,cell-ad5e810b1f76dd99cb1d34c9e7b48b657139a160980da8753b818cd2f4116a0e,"[1,2,3,4,5]"
D,hs_n18,primary,D1/T24,cell-3cb46ae80fdcdd4d84dee60087ccc85073f7c0e667a2264fb502e2abfc11d127,"[1,2,3,4,5]"
D,hs_n18,primary,D2/T24,cell-1502b09b7a622b362b18ba19df114efe94cb66c73a73e13ea9baa97d91ba9aa0,"[1,2,3,4,5]"
D,hs_n18,primary,D4/T24,cell-ca877e196041c90fd6f4544d1e5a5efe701752039d9b1114a8db946dffa1bae5,"[1,2,3,4,5]"
D,hs_n18,primary,D8/T24,cell-db769d8630f54b0f6c15da92d4e954d03f44be0e4a9d4e90db45fcafb83df3ed,"[1,2,3,4,5]"
D,hs_n18,primary,D16/T24,cell-4fd7bfa1c356ab3e86439ed994142ee1e8b1a52d2bf72c87dcd8276241b80d42,"[1,2,3,4,5]"
D,hs_n18,primary,D32/T24,cell-81e3e536bbbb3ab49a1f200dba64f59701a59f9246128a9fba4fe63dc4c0a65a,"[1,2,3,4,5]"
D,hs_n18,primary,D64/T24,cell-b769d86a4617218ab819caacbb604a8ad35ea0debba72f546b845fe845f7416a,"[1,2,3,4,5]"
A,hs_n18,primary,A0,cell-bb60f34b41be7c2fa6b05d677af3a3914767425628955f479484c20bf0e1172c,"[1,2,3,4,5,6,7]"
A,hs_n18,primary,A1,cell-a81fcf1c11705e95b0da6a63b421d3f2b56b61f855696f95486be34223cfefd0,"[1,2,3,4,5,6,7]"
A,hs_n18,primary,A2,cell-af6c75cfca42bd5528196c197d5b8e266d7c0a35ba0a8f28b2ed96e658e9563f,"[1,2,3,4,5,6,7]"
A,hs_n18,primary,A3,cell-8c65b49e992f9c4a1ee34d28760697233bbd0c00ce6caa55a02ddb8935d9da39,"[1,2,3,4,5,6,7]"
A,hs_n18,primary,A4,cell-8fc3ac603a1b1c47a22fcd983d1cf216c2dd22271a26c27f778e882fd3870024,"[1,2,3,4,5,6,7]"
T,qrng_n18,primary,T1,cell-f50a27e4e009730a3b1d365bc86190773268d8cbefab93f3f17bddb0c2e2c25d,"[1,2,3,4,5]"
T,qrng_n18,primary,T2,cell-2a572d38a01633f03c5e9ec79ccea4288bbe48715ad3e0d3cd6e5788e2a50c0c,"[1,2,3,4,5]"
T,qrng_n18,primary,T3,cell-00cc838666e06c32ee9cbe9548f6dcb5f3d5cbfe85e6e9236a08ec28995c8633,"[1,2,3,4,5]"
T,qrng_n18,primary,T4,cell-0080d4585b332bd8e31923971e4ad47b2637aff70e916901de6fab69d5510984,"[1,2,3,4,5]"
T,qrng_n18,primary,T5,cell-28474e4369716b868c0ce368e3dacfa6cfc8782e4f77f7c44e307b2854683f39,"[1,2,3,4,5]"
T,qrng_n18,primary,T6,cell-36c8fd4afc7e4fcdcdf08895b63bbfd236e87b16ed5ae8d65d80bba739eb4356,"[1,2,3,4,5]"
T,qrng_n18,primary,T7,cell-c08c63fe9014617c818cafc9bd0a6def86e725902567926c949c865a9d2e8e66,"[1,2,3,4,5]"
T,qrng_n18,primary,T8,cell-1a1c668a42a425e92f9bc474f5e55ed9ff7d390415bd647dde80de191a25cea5,"[1,2,3,4,5]"
T,qrng_n18,primary,T9,cell-556abfde748f9e524dea400db51afa8719344c212ebbaca7ad4af97766c3bf23,"[1,2,3,4,5]"
T,qrng_n18,primary,T10,cell-a39dda06fd897ef1e62fbd86715cd3d602acb47adda6dca277993184c81ed0e3,"[1,2,3,4,5]"
T,qrng_n18,primary,T11,cell-e8d003ee9f33963c731ab595a510f673d9411aa57c18b29d35580ee1a38b3859,"[1,2,3,4,5]"
T,qrng_n18,primary,T12,cell-141b07ecf76db8a6dac851920dc983a7acaad215ae9a7cdc3b3cbbf7f72db881,"[1,2,3,4,5]"
T,qrng_n18,primary,T13,cell-71781e0b6c066445fc2a7afacf81277be52d02a4cf02f3757a6b10f1aa972235,"[1,2,3,4,5]"
T,qrng_n18,primary,T14,cell-8aa0a20a60faf0e26aa98d4c05c3381313d90255316f15ef0205ef33d21d9742,"[1,2,3,4,5]"
T,qrng_n18,primary,T15,cell-f93b465adf306054b2662503ecf9ddba060213ffbaf168f620a33f75a447985f,"[1,2,3,4,5]"
T,qrng_n18,primary,T16,cell-e0261505f60810f8ab0dc848ebedfedf5f509d00b72fd56aa5171f395e59876c,"[1,2,3,4,5]"
T,qrng_n18,primary,T17,cell-56408f860207a25177995d3df59628d01b171ae4dbb547750cbbcf26f0375c25,"[1,2,3,4,5]"
T,qrng_n18,primary,T18,cell-4fc96ce3cc3bf7832a726d19fb341aa5a616bffdbf0c8c4720d2a98e30b82dda,"[1,2,3,4,5]"
T,qrng_n18,primary,T19,cell-02e9ad2877d84b7ad9e1ffa158020475117abe6c9549d52e13b7f9126e117e4e,"[1,2,3,4,5]"
T,qrng_n18,primary,T20,cell-c9c4b3dc79e5f5c92ae7a58a0ac1f4fed0341f936166f5f0f9f3c1aec9b7cc7b,"[1,2,3,4,5]"
T,qrng_n18,primary,T21,cell-1918a1bb0f6a9228b5982f14a9983487e2f522e808760b3caa6f46182a4ebb67,"[1,2,3,4,5]"
T,qrng_n18,primary,T22,cell-766d68b696d6272f358c8592843b663b2878a861fb20a7c35d6b05e4caa911d9,"[1,2,3,4,5]"
T,qrng_n18,primary,T23,cell-506ba7dd634c1c8fd98e399b6c97e908932f9d43206b01bd7806a5c631d20f22,"[1,2,3,4,5]"
T,qrng_n18,primary,T24,cell-03199a1db7ef7ca3f5a820d1732d2c6825ccddb3412cf2567ea42e148469d251,"[1,2,3,4,5]"
D,qrng_n18,primary,D1/T8,cell-80503432509a46026c261479ceccb14d6e7b19607484fcc1cd4ef0a1c49f2f1b,"[1,2,3,4,5]"
D,qrng_n18,primary,D2/T8,cell-d446a4982d3e75fdfd6d50464a025c10a97c889ccf8d395d343c589f51efaf65,"[1,2,3,4,5]"
D,qrng_n18,primary,D4/T8,cell-80955750d006c9840ed951e586f670c7b592cd9a479be7d35e205a6f0d093a76,"[1,2,3,4,5]"
D,qrng_n18,primary,D8/T8,cell-9b14b80b449aa05726e00f9bf0723f1fadea576674bb5c4df15d16125474e812,"[1,2,3,4,5]"
D,qrng_n18,primary,D16/T8,cell-209d6ee29d91f68e6e901b5ce6c153418585520ff9cd7e56837b77916c76cfcf,"[1,2,3,4,5]"
D,qrng_n18,primary,D32/T8,cell-46e0b391c446513649bd1504d61611e35789fe36a180a8c553acb5f936d17f86,"[1,2,3,4,5]"
D,qrng_n18,primary,D64/T8,cell-d5f96c62ddaeeb44586c4e0eb146db1abf9ec1900aef6bc302cf8b5cd41231e0,"[1,2,3,4,5]"
D,qrng_n18,primary,D1/T24,cell-ada19a5f318838226e4aea2720fe8cbd47ec8b6e682d254cbf581883c14453af,"[1,2,3,4,5]"
D,qrng_n18,primary,D2/T24,cell-11f641a0a0583579fbe992da71fbe792ccac8413ed4f623292516202998e0577,"[1,2,3,4,5]"
D,qrng_n18,primary,D4/T24,cell-5690d57216e38a5252527fdb3b9168ad0cf36741e84a4b7f468e5b7e17e8c3a1,"[1,2,3,4,5]"
D,qrng_n18,primary,D8/T24,cell-be9c87c442e8e8ea3df205d48c2b4f105a26d951b4760e02d028d36df498c86b,"[1,2,3,4,5]"
D,qrng_n18,primary,D16/T24,cell-988fb81ea048da9b93c3018384c9721613957a393797ba15a01f77df3d8a2842,"[1,2,3,4,5]"
D,qrng_n18,primary,D32/T24,cell-6c6e51e89af5c2994c66db9a3a97462447fdd322e8a3ecebab9cd28415e42b4b,"[1,2,3,4,5]"
D,qrng_n18,primary,D64/T24,cell-880b187d4c2816f4c9cb8833330c79bb95c52476136050fc1698a5fbd2de0045,"[1,2,3,4,5]"
A,qrng_n18,primary,A0,cell-f50a27e4e009730a3b1d365bc86190773268d8cbefab93f3f17bddb0c2e2c25d,"[1,2,3,4,5,6,7]"
A,qrng_n18,primary,A1,cell-1a1c668a42a425e92f9bc474f5e55ed9ff7d390415bd647dde80de191a25cea5,"[1,2,3,4,5,6,7]"
A,qrng_n18,primary,A2,cell-466bea24fbf162983177cfae827aedcfe47a67773106576ddef1b871be6ebf28,"[1,2,3,4,5,6,7]"
A,qrng_n18,primary,A3,cell-574905e25a7ca0f14a8163a03985d7cf394c2ce9590b7d7b647ed971076bc0dc,"[1,2,3,4,5,6,7]"
A,qrng_n18,primary,A4,cell-80955750d006c9840ed951e586f670c7b592cd9a479be7d35e205a6f0d093a76,"[1,2,3,4,5,6,7]"
T,xor_n18,primary,T1,cell-6a9c328154bc9e3c984c1946792d02b6e007a6be06059c86510817482a22c06f,"[1,2,3,4,5]"
T,xor_n18,primary,T2,cell-4a740177b0fb0309abecf9c9df81ab3e311fb73ea6359b413b9b1804a648a451,"[1,2,3,4,5]"
T,xor_n18,primary,T3,cell-6a16e35935c1e8b01a231deab5bea34485526224f5815230a5ccc6d42e1d46d0,"[1,2,3,4,5]"
T,xor_n18,primary,T4,cell-4efe1b23780fbc2cd65265391c0d2a01ebc8421854d216b31d83d810a0a01e80,"[1,2,3,4,5]"
T,xor_n18,primary,T5,cell-8d0a92d660082ccac5e04d8c3c52c000e73624ea4376a1087f2398962de3e361,"[1,2,3,4,5]"
T,xor_n18,primary,T6,cell-b2e8823b6fe1e501f2ec4c0413756af518ca92277967d89a739090ba0297c536,"[1,2,3,4,5]"
T,xor_n18,primary,T7,cell-fc591b7ecdc0f1dd2442944ade23d08fc0eba0ba2f65f3d75e1d00a5b4b4d53b,"[1,2,3,4,5]"
T,xor_n18,primary,T8,cell-57b91334c09cf298ac73ed7ece2d55923e9667f477da5bc8ec045b7d5e9ce989,"[1,2,3,4,5]"
T,xor_n18,primary,T9,cell-7d5b840e2538cf652f904274897b4a0ce866cfe39c49f63ae1f4ec0954a6c7ff,"[1,2,3,4,5]"
T,xor_n18,primary,T10,cell-6cf996268c566df660fb0566c033d0564e0008fea07bf9d77f7ea130de99649c,"[1,2,3,4,5]"
T,xor_n18,primary,T11,cell-2d6bc5bff719149330254b0203d97cd038a083f171eca87cb0ed8bb9e7340594,"[1,2,3,4,5]"
T,xor_n18,primary,T12,cell-677c469af47cb615cf1d571954340be9a23375169f0b1cd46bf1e31ea198654d,"[1,2,3,4,5]"
T,xor_n18,primary,T13,cell-174e6da86e3e9c6b6aa429b9980b394d1565312f4b0528300b760b7e37eaddb8,"[1,2,3,4,5]"
T,xor_n18,primary,T14,cell-f302781fdf4571abec6df36bfb82f589b4a03b8e1c4ad258fb62edab35058a5b,"[1,2,3,4,5]"
T,xor_n18,primary,T15,cell-48da389e9173532c2076b1f2046130fc25bdcd714c4b3cf0def21c705549a84e,"[1,2,3,4,5]"
T,xor_n18,primary,T16,cell-b2387aab2db08137cebaa2f5e6e544e21cfc982fa894676c0621b37db3bd6aae,"[1,2,3,4,5]"
T,xor_n18,primary,T17,cell-ab7d2d1228d00fa58d440ef794f3894ce54b16275a500c93941f0502e3620a70,"[1,2,3,4,5]"
T,xor_n18,primary,T18,cell-6d76caa9ea4f3bd37416736ea2a9028fbff55092e23fe5504cb612fcbbf39d02,"[1,2,3,4,5]"
T,xor_n18,primary,T19,cell-2b39e78fad3e00ccec804df40855b1b9b1fddbbddf8c7902040a30e1fe297fbc,"[1,2,3,4,5]"
T,xor_n18,primary,T20,cell-47f864c98fd048d1e8956940db4ef5e388733ac1baca805b96f1eb9ea2524bd0,"[1,2,3,4,5]"
T,xor_n18,primary,T21,cell-4beec54b29b444e97cdc9a1377dd126a57897e347eb49a4cb491be3375ba2ddc,"[1,2,3,4,5]"
T,xor_n18,primary,T22,cell-0ae24cb9e66533bae6a08c5ae50ea3cf02753a53c9ecd7f0681a14b53b4829c6,"[1,2,3,4,5]"
T,xor_n18,primary,T23,cell-34284688b80c47b55062fa1942dd12f58487e4ef12a9db56c89dffa2ecc6ac32,"[1,2,3,4,5]"
T,xor_n18,primary,T24,cell-d263b391cc9f15219412e6088b49c29df920bc1f09bbcd245e83617c722665d6,"[1,2,3,4,5]"
D,xor_n18,primary,D1/T8,cell-f50b142657d3734cfd4d8f0db8669eef42ec5f4174f4eb677bd1d7da8a92392a,"[1,2,3,4,5]"
D,xor_n18,primary,D2/T8,cell-de788082ffb06bde872fa9eedd408693934d23caf525703ecaa40f5484672934,"[1,2,3,4,5]"
D,xor_n18,primary,D4/T8,cell-fbd6bded04649957a4d702cf8e87eb38cbe73f4dc4469fadee76effa61ec6d8e,"[1,2,3,4,5]"
D,xor_n18,primary,D8/T8,cell-b55b798f67f6dbccd36ebbef87d64247a4c24253619242b7f83ceb4506f5e24f,"[1,2,3,4,5]"
D,xor_n18,primary,D16/T8,cell-7a3fdf41530e9175fb1a2f2bec3510675b27863b9ec01cbe8dcd90056bcb0228,"[1,2,3,4,5]"
D,xor_n18,primary,D32/T8,cell-77a815727ddfb257582e794a5683f8e454452515337352271e05799f45bb0cdc,"[1,2,3,4,5]"
D,xor_n18,primary,D64/T8,cell-b3bf999e049eb1415ba17fcd1dce9e224d71fdb744366e613680708b8cd6fc66,"[1,2,3,4,5]"
D,xor_n18,primary,D1/T24,cell-5935e4a952bbb58f3d7df836141f2fd8afbc862813a18f155d20b812bffcbceb,"[1,2,3,4,5]"
D,xor_n18,primary,D2/T24,cell-4238d7189dbd0645690d481e70b5d8fc6247571d652e779a8ea569221f399c89,"[1,2,3,4,5]"
D,xor_n18,primary,D4/T24,cell-aa0ee460d955e87e4d469709c8ba6b5915d50ddb970cd2a3a6d96ad07c882b84,"[1,2,3,4,5]"
D,xor_n18,primary,D8/T24,cell-b23a23b0c683b5a7d6a03256e7435ef6e7595b2c95190dbec3f734bffc5be45c,"[1,2,3,4,5]"
D,xor_n18,primary,D16/T24,cell-f291fc148d5acb839a173565f64979c8e1fc60d740a45a0584a00c57c69bb278,"[1,2,3,4,5]"
D,xor_n18,primary,D32/T24,cell-7fae30c68c086c3ab3bb57a81794559ef57cd561793ff47911df87ac6b7142a6,"[1,2,3,4,5]"
D,xor_n18,primary,D64/T24,cell-3092e28c57f8d8caad554dc0281d7a246a0382f2535cf996b08853b4f661fdb9,"[1,2,3,4,5]"
A,xor_n18,primary,A0,cell-6a9c328154bc9e3c984c1946792d02b6e007a6be06059c86510817482a22c06f,"[1,2,3,4,5,6,7]"
A,xor_n18,primary,A1,cell-57b91334c09cf298ac73ed7ece2d55923e9667f477da5bc8ec045b7d5e9ce989,"[1,2,3,4,5,6,7]"
A,xor_n18,primary,A2,cell-31c9e561ae136a0d87bd98b5da345cd228dafdb78be08c6d607912636ac47fc9,"[1,2,3,4,5,6,7]"
A,xor_n18,primary,A3,cell-9f320a3355065687ae706ce443039b3f36c583df09f3e2d612e0466e132ba351,"[1,2,3,4,5,6,7]"
A,xor_n18,primary,A4,cell-fbd6bded04649957a4d702cf8e87eb38cbe73f4dc4469fadee76effa61ec6d8e,"[1,2,3,4,5,6,7]"
T,stress_n16_l2,supplementary,T1,cell-d5352eb09b2f248b087bf407ec80aa3ae312f1383d1581420f65c30fd7fcaf6c,"[1,2,3,4,5]"
T,stress_n16_l2,supplementary,T2,cell-e37e2cb8a73bdaa895334c8676e52c7bd37a95c2fba62ff8381361a48d780211,"[1,2,3,4,5]"
T,stress_n16_l2,supplementary,T3,cell-05673e17d0b831dbc1ab6ae6dcd2b400d572e3f7bf3d6318d6b4ac8b04461d2a,"[1,2,3,4,5]"
T,stress_n16_l2,supplementary,T4,cell-93f0ac2d0c7d595135224a9fb698d1efd2bbee3ecf1f798835163dbe5f1cb723,"[1,2,3,4,5]"
T,stress_n16_l2,supplementary,T5,cell-40197b961b22ab99e9a2cc528636e7412f68fb7ba620a55c5211547636731274,"[1,2,3,4,5]"
T,stress_n16_l2,supplementary,T6,cell-b4aee059b59b4324af2aca639936dcc8b0e7e031c75ade18bd6542347c7ab992,"[1,2,3,4,5]"
T,stress_n16_l2,supplementary,T7,cell-49f1100891847b4189062a715bc25fa7777ac0c6c1bb350e6410cbacbfc75f93,"[1,2,3,4,5]"
T,stress_n16_l2,supplementary,T8,cell-7060fe51fb130b16fa0f359cc73cdacec7ac5f36ab289c64ffb2c69159a9bd8d,"[1,2,3,4,5]"
T,stress_n16_l2,supplementary,T9,cell-5e36407afd180f2af94b961520c5841e27d12782a9dc95640663496e1338f85d,"[1,2,3,4,5]"
T,stress_n16_l2,supplementary,T10,cell-147d732ef83723f0563fe6520b8d743d477f72bbbd09029550b06bdffa9b5b4e,"[1,2,3,4,5]"
T,stress_n16_l2,supplementary,T11,cell-a3b9126c9a86bf24825a8dc887a9cf5a6703ca755c915bc31d62f92dc136a06c,"[1,2,3,4,5]"
T,stress_n16_l2,supplementary,T12,cell-bef8fcceaeff1d83b6048aaaa46291e21e21e55d55be5ec858b2f5c168c3af69,"[1,2,3,4,5]"
T,stress_n16_l2,supplementary,T13,cell-e97ab843be1324734017071ffb89c236660febe79140cbaabfe1ed68c370beb8,"[1,2,3,4,5]"
T,stress_n16_l2,supplementary,T14,cell-b5c3ab3b30958ad195f455fd5224514baced5d03b712475dbc62961e4c7b77df,"[1,2,3,4,5]"
T,stress_n16_l2,supplementary,T15,cell-48f5442baf8d877be2711f49ce4dc012fdee95012ccc280de420613ddc1a3399,"[1,2,3,4,5]"
T,stress_n16_l2,supplementary,T16,cell-dc1b21329bc8d23f66b2ee5918017a799dfd22d3ce2dd68b1642027a24bfe90b,"[1,2,3,4,5]"
T,stress_n16_l2,supplementary,T17,cell-711bb0cef56734486d89270123d5047cfef1bd9b13defc5fe4d099c6f464d895,"[1,2,3,4,5]"
T,stress_n16_l2,supplementary,T18,cell-2b5fdbd97c92fc51ada24f773e4e62fa7f16bd5e12cde7cd82778a6aac9575ca,"[1,2,3,4,5]"
T,stress_n16_l2,supplementary,T19,cell-5c6294b3e2152b147abc7829473311c3400a2df9bfddadeab34786098853f2d4,"[1,2,3,4,5]"
T,stress_n16_l2,supplementary,T20,cell-069fb7dc1d1e4f5b097249e456b30489ef76d1d95ab0476bd9ed6f89ce5760d2,"[1,2,3,4,5]"
T,stress_n16_l2,supplementary,T21,cell-a1eeb691d153e0a5b6d128e8ed9b3d06645003f0708919b0f6f5246913cd5e07,"[1,2,3,4,5]"
T,stress_n16_l2,supplementary,T22,cell-44422dd983dbaf4f161e3a61760d1ad905530ae29f9b3b33be065846d16efc16,"[1,2,3,4,5]"
T,stress_n16_l2,supplementary,T23,cell-b41434686b39592e8091a60e31574f53b57f0c886ec33c70aee5c8c9e1f0907a,"[1,2,3,4,5]"
T,stress_n16_l2,supplementary,T24,cell-dca68362b05c641ea75827e69181c3ad852a64e7008c83fe7163a7ab7292ce15,"[1,2,3,4,5]"
D,stress_n16_l2,supplementary,D1/T8,cell-4e7585791c34ae97c47e964f8a15e04a784f733197d330989084ac16b18f8948,"[1,2,3,4,5]"
D,stress_n16_l2,supplementary,D2/T8,cell-c5c529d8d874ccae6af7a9fc1d586ac85c99fb16d064931b10cea98e4ffb5445,"[1,2,3,4,5]"
D,stress_n16_l2,supplementary,D4/T8,cell-9e3816fa30baae08316b3127025615b0d2b994e53c07521c2d647522b86e0d9f,"[1,2,3,4,5]"
D,stress_n16_l2,supplementary,D8/T8,cell-359abf3ac2c8c831a45a8044bfd06558552ab0cfde08ec264f6b9811ed2f27f2,"[1,2,3,4,5]"
D,stress_n16_l2,supplementary,D16/T8,cell-1f71fc05f932f918f41d050686193138d3a155c428ac1aada388f506b5f28647,"[1,2,3,4,5]"
D,stress_n16_l2,supplementary,D32/T8,cell-25da55ec0f89442321592b48e6ec495f92535f80cec5f608a26c5809728072d6,"[1,2,3,4,5]"
D,stress_n16_l2,supplementary,D64/T8,cell-d6619904fc52524926e6984ad0c44f8cffee0959f7414d7910b169739d461b26,"[1,2,3,4,5]"
D,stress_n16_l2,supplementary,D1/T24,cell-79fab29436b8d54d51fd0c499f67159fa06637101fb6e9b3f76847b42f9cdcbb,"[1,2,3,4,5]"
D,stress_n16_l2,supplementary,D2/T24,cell-8c628bba928480ee385840b822170d0d80d6bcd81858c5b6c0337394b4bbc3ac,"[1,2,3,4,5]"
D,stress_n16_l2,supplementary,D4/T24,cell-c88fd3ac4bed0d573959a664e1e482679cde3f53701e1941f0b9c7cb84ba825a,"[1,2,3,4,5]"
D,stress_n16_l2,supplementary,D8/T24,cell-e0e34728a6df02d7651cdc241cbc2b597a96dfff0bb74182a24d1ca9b0c5466d,"[1,2,3,4,5]"
D,stress_n16_l2,supplementary,D16/T24,cell-e829c9ee9dc61d721927e68d3b66637b0345cf3db2cf08522b226e54b29b7443,"[1,2,3,4,5]"
D,stress_n16_l2,supplementary,D32/T24,cell-41f13a45d5993229bac5ab553d0bfdbfcdb134ad08781875447ce1f73f3f6c79,"[1,2,3,4,5]"
D,stress_n16_l2,supplementary,D64/T24,cell-c18b1624729d82b22dc3c8d501351b37fb51783b40467ca9971440973bd0dd8e,"[1,2,3,4,5]"
A,stress_n16_l2,supplementary,A0,cell-d5352eb09b2f248b087bf407ec80aa3ae312f1383d1581420f65c30fd7fcaf6c,"[1,2,3,4,5,6,7]"
A,stress_n16_l2,supplementary,A1,cell-7060fe51fb130b16fa0f359cc73cdacec7ac5f36ab289c64ffb2c69159a9bd8d,"[1,2,3,4,5,6,7]"
A,stress_n16_l2,supplementary,A2,cell-18c0e479a5b8de80fc5fd98d6646f29e7b160606606ff865fb605d735ab689f2,"[1,2,3,4,5,6,7]"
A,stress_n16_l2,supplementary,A3,cell-8dfc80e61cd486b0d6790c731b1c2b18c509ffc8cbccecd35635657428fbd7ba,"[1,2,3,4,5,6,7]"
A,stress_n16_l2,supplementary,A4,cell-9e3816fa30baae08316b3127025615b0d2b994e53c07521c2d647522b86e0d9f,"[1,2,3,4,5,6,7]"
Q,bb84_n18,primary,D1/T8/split_complex_float32_v1,cell-bdfd7c724dbe80ec4eeff940d8065ffa90998db84da65a1e808bface9d7fc382,"[1,2,3,4,5]"
Q,bb84_n18,primary,D2/T8/split_complex_float32_v1,cell-59eb5e9936993775a5d0932f73104e6ef6671f3418a37a2e307d345eccdea3ac,"[1,2,3,4,5]"
Q,bb84_n18,primary,D4/T8/split_complex_float32_v1,cell-a31ebb6b0207a41d5afb98416e3dd2343d493a97430cf0858204fbe1793c5596,"[1,2,3,4,5]"
Q,bb84_n18,primary,D8/T8/split_complex_float32_v1,cell-119537c0c1d2f47cd180a6aace4f45e741f69ae190e1b91840444837d4ff4882,"[1,2,3,4,5]"
Q,bb84_n18,primary,D16/T8/split_complex_float32_v1,cell-96e2d43a66b2751d33b0f580a36265e8a4c245ef116686461d5f90078bd8c4d6,"[1,2,3,4,5]"
Q,bb84_n18,primary,D32/T8/split_complex_float32_v1,cell-92f7bcbd0e0c2d03cf57dd62e29c2179e781fc148071c5685dff7ae0203965b0,"[1,2,3,4,5]"
Q,bb84_n18,primary,D64/T8/split_complex_float32_v1,cell-2ba4aca7c0a99130160da155db333eb22b92bdb107b36e45b6cfa4dcae105b63,"[1,2,3,4,5]"
Q,bb84_n18,primary,D1/T24/split_complex_float32_v1,cell-9352091e95134448ae9c45f33b248cfbb5d12770dcad6516847a68e419c5aa57,"[1,2,3,4,5]"
Q,bb84_n18,primary,D2/T24/split_complex_float32_v1,cell-b51765e033afc591eefd5d0fa0685e8a9c5a58c9941a1754bac203a171ed63c6,"[1,2,3,4,5]"
Q,bb84_n18,primary,D4/T24/split_complex_float32_v1,cell-c6b638591bd34c0d44e720e47bcc94c8e172dcfd3df153f0796529185c7e5e8f,"[1,2,3,4,5]"
Q,bb84_n18,primary,D8/T24/split_complex_float32_v1,cell-2eb35c4c6bfa7e6aeec2e5359af7eedd818c72e7a5ef1ae2074ebc76f265ae42,"[1,2,3,4,5]"
Q,bb84_n18,primary,D16/T24/split_complex_float32_v1,cell-23e31d9ff523bb2574b3574466dde4969f4ec92777c4d6c32e1bfca4aefb8f4f,"[1,2,3,4,5]"
Q,bb84_n18,primary,D32/T24/split_complex_float32_v1,cell-8604a39ea79fba46dcf1edf711888073df4ed40b3f381b6b29f134af1d2871dd,"[1,2,3,4,5]"
Q,bb84_n18,primary,D64/T24/split_complex_float32_v1,cell-4462c4fa72751a611cc360651ce63900d5cd03c062c58c0a3816d7ae3c658526,"[1,2,3,4,5]"
Q,bb84_n18,primary,D1/T8/complex_int8_shared_scale_v1,cell-9691e41fec5119b99405ec88069e28c597b1f9946a736f550a2aa7cb7ad0bb2c,"[1,2,3,4,5]"
Q,bb84_n18,primary,D2/T8/complex_int8_shared_scale_v1,cell-cb589ea8bd5bd33dffaacd6f8d1c83e4174a5e284032721064cd90efb4ed4a4f,"[1,2,3,4,5]"
Q,bb84_n18,primary,D4/T8/complex_int8_shared_scale_v1,cell-8ad890c8af325f72f4ab9776beb75832068d485d2caa3f5d766b9d7ddde2800a,"[1,2,3,4,5]"
Q,bb84_n18,primary,D8/T8/complex_int8_shared_scale_v1,cell-436dddfac75eac5516e7b2bdb7f7f694bff0d7ee1c090e52dc994ca391e492e4,"[1,2,3,4,5]"
Q,bb84_n18,primary,D16/T8/complex_int8_shared_scale_v1,cell-b244c834870cb14dd347e0b9b0e6a7e5b9d320e32dc1221989ba7ca4024b8b17,"[1,2,3,4,5]"
Q,bb84_n18,primary,D32/T8/complex_int8_shared_scale_v1,cell-5303f9083c28ef3b7b905b0d7d2013e853180c3c7fd1bb87a198c65ae388217a,"[1,2,3,4,5]"
Q,bb84_n18,primary,D64/T8/complex_int8_shared_scale_v1,cell-46206faa4fb7b34d3920fcce63a9d4d960a8a3f9182f527ad74f7e6259b9f0ec,"[1,2,3,4,5]"
Q,bb84_n18,primary,D1/T24/complex_int8_shared_scale_v1,cell-b78029ce36c368f96556572c8337c102b9b460e967783f5a63dbe7da8c770935,"[1,2,3,4,5]"
Q,bb84_n18,primary,D2/T24/complex_int8_shared_scale_v1,cell-cc42f11b2bf313c898aaf0f02ca9fe6c32304b13888e39bf44fc16f195bf42a7,"[1,2,3,4,5]"
Q,bb84_n18,primary,D4/T24/complex_int8_shared_scale_v1,cell-4461b21dbc9f860e4b2c27e6f5fc01efbd8ed2a45202375e6bf4ce471faa671b,"[1,2,3,4,5]"
Q,bb84_n18,primary,D8/T24/complex_int8_shared_scale_v1,cell-eb2548071828650cc05635ad048ef953f9504c14d438c31c66c6df44a6238e6e,"[1,2,3,4,5]"
Q,bb84_n18,primary,D16/T24/complex_int8_shared_scale_v1,cell-7fb47bedd2337966dde77650cd8deea2123ab323a2b7af42874c8cd8fa38ddf2,"[1,2,3,4,5]"
Q,bb84_n18,primary,D32/T24/complex_int8_shared_scale_v1,cell-4a674d2fddf2a980db2eed43be47ecbc4a0db3059b6caf4e101c55356822e4fc,"[1,2,3,4,5]"
Q,bb84_n18,primary,D64/T24/complex_int8_shared_scale_v1,cell-744763ee1435a7c5c11fda66358c3e551ab924ade778a193ac7c66affc13bbf0,"[1,2,3,4,5]"
Q,bv_n18,primary,D1/T8/split_complex_float32_v1,cell-612780dbe66573e44b023844c3c4d81faf85f5a53cbc5b9869ff63fec98d88ee,"[1,2,3,4,5]"
Q,bv_n18,primary,D2/T8/split_complex_float32_v1,cell-9cdf896f1b31dad89b1a6e2614868103decb3c8459e0ce2364d3d147a5d33c8b,"[1,2,3,4,5]"
Q,bv_n18,primary,D4/T8/split_complex_float32_v1,cell-df6d73f1d629cbf673b3bdaf67a8d6c3c87167bf0b5f0958808c051f3693bbfc,"[1,2,3,4,5]"
Q,bv_n18,primary,D8/T8/split_complex_float32_v1,cell-8319ff84a715b539a4b6080d00139da4330df8e26aae09514f3537559584eac8,"[1,2,3,4,5]"
Q,bv_n18,primary,D16/T8/split_complex_float32_v1,cell-e37075a3ed91a17441f373af0ed64aa3bb573d1ad2ffaf43d52e93763b6ccff0,"[1,2,3,4,5]"
Q,bv_n18,primary,D32/T8/split_complex_float32_v1,cell-d939071d201339f3f0116e8b10395662573c34f2159e52fbe3c3a7e1badffa83,"[1,2,3,4,5]"
Q,bv_n18,primary,D64/T8/split_complex_float32_v1,cell-5d78dce6dc84dc97491aadb67fbec76c54db114bde1d375e073564e93a3b3a89,"[1,2,3,4,5]"
Q,bv_n18,primary,D1/T24/split_complex_float32_v1,cell-9524edade319ec36c6179b0928d56c8128959f6f68706dc9d1b4455c3e2e1c59,"[1,2,3,4,5]"
Q,bv_n18,primary,D2/T24/split_complex_float32_v1,cell-c9a6ea693d6f5cd234390a283df853426e26cf172ee9c48b65d36289c628a512,"[1,2,3,4,5]"
Q,bv_n18,primary,D4/T24/split_complex_float32_v1,cell-73f31fce30700c1888dafc217ecc873d59a066bc4b8edd2d0e3b1a2a728aca69,"[1,2,3,4,5]"
Q,bv_n18,primary,D8/T24/split_complex_float32_v1,cell-c55ecad90eac6403b0999cd38f78a1a7c8a7d57d1adc38c0ee0aa55f04723adc,"[1,2,3,4,5]"
Q,bv_n18,primary,D16/T24/split_complex_float32_v1,cell-ad8cb6d223e15297a8c9b4d1de8844fc5148fdef4de7d8b78026ef1c53347be1,"[1,2,3,4,5]"
Q,bv_n18,primary,D32/T24/split_complex_float32_v1,cell-4485a23047fc85f20187332f59f01c26f0048698090709eb18bb30807f87bdea,"[1,2,3,4,5]"
Q,bv_n18,primary,D64/T24/split_complex_float32_v1,cell-9d400f02c2b4f0251cc5e5e5a8bddf4a37d725a3c0e1cb27466527799aeadb6d,"[1,2,3,4,5]"
Q,bv_n18,primary,D1/T8/complex_int8_shared_scale_v1,cell-810266a2b99f8f7a9536e84d7b7b8ec53aeb914e06177bfd28718f78f6492224,"[1,2,3,4,5]"
Q,bv_n18,primary,D2/T8/complex_int8_shared_scale_v1,cell-38accdca86baa5b4f95d04d80769333aa352eae0ddb7e9b6708b5582be9f8b4d,"[1,2,3,4,5]"
Q,bv_n18,primary,D4/T8/complex_int8_shared_scale_v1,cell-881e081ecb15439bbd4ae7c68e303dcfb850cf65661173bba0d90982e101c13e,"[1,2,3,4,5]"
Q,bv_n18,primary,D8/T8/complex_int8_shared_scale_v1,cell-9a3a84541e8c3e7e2ca6a64546271247e7cc4bdfbcd8a22b2ded019fd9a59a17,"[1,2,3,4,5]"
Q,bv_n18,primary,D16/T8/complex_int8_shared_scale_v1,cell-f9699673e401258dc5947c5d0a0e08656ec492478abe46337b3d63b1b776101a,"[1,2,3,4,5]"
Q,bv_n18,primary,D32/T8/complex_int8_shared_scale_v1,cell-fb76a5b4b69f1de9eba08f4c3797392480fc94ad5146ddb88fce67c60b09faf0,"[1,2,3,4,5]"
Q,bv_n18,primary,D64/T8/complex_int8_shared_scale_v1,cell-a9bdd5311a2da6dd0c6cb06702412efba6322c98278b34559a3e66f02a5e13e0,"[1,2,3,4,5]"
Q,bv_n18,primary,D1/T24/complex_int8_shared_scale_v1,cell-f1c75c4caaf7c3ecb922b1c534c9b8fc5c8ce127dbfb91558e96769b22b273a5,"[1,2,3,4,5]"
Q,bv_n18,primary,D2/T24/complex_int8_shared_scale_v1,cell-b1cf000899d53e514f250d428d5fa79f58eb62e004b54ad43212d84627a8140b,"[1,2,3,4,5]"
Q,bv_n18,primary,D4/T24/complex_int8_shared_scale_v1,cell-1b9d88860dc1ae632b124cf206767d8997f7e2d1eeb66942d1f5123ea055c07a,"[1,2,3,4,5]"
Q,bv_n18,primary,D8/T24/complex_int8_shared_scale_v1,cell-8c6f4827ebdb3e9a25345a60717296cb7807780e4644907a631a02e7ee042c06,"[1,2,3,4,5]"
Q,bv_n18,primary,D16/T24/complex_int8_shared_scale_v1,cell-07694497fda7e6dab6611be194a86e2b5e090332bddf012d0dd798176ba2ab03,"[1,2,3,4,5]"
Q,bv_n18,primary,D32/T24/complex_int8_shared_scale_v1,cell-1a19043061dc35ee3cd230d9d588503c5ef5cef2ed58abaca8ac06d711465bda,"[1,2,3,4,5]"
Q,bv_n18,primary,D64/T24/complex_int8_shared_scale_v1,cell-6c36126037028e7dd09737cda5cb44974b937144c0e34e08d59b27e053a42e70,"[1,2,3,4,5]"
Q,edc_n17,primary,D1/T8/split_complex_float32_v1,cell-8b0bf0df67ee9209e3fbbe069fce7ca2c00aa2f8f44a0e1ead1cc4b73d48173f,"[1,2,3,4,5]"
Q,edc_n17,primary,D2/T8/split_complex_float32_v1,cell-b42dd2d4da1b9775505eb8eea77a53c456c30db23154ab2dd00d45ae73c5900c,"[1,2,3,4,5]"
Q,edc_n17,primary,D4/T8/split_complex_float32_v1,cell-51348aecf24e3d60a41c23fcf38ebf9168b1d70ec24c2c1c2c52e8d63009a1cd,"[1,2,3,4,5]"
Q,edc_n17,primary,D8/T8/split_complex_float32_v1,cell-ae151f7f49c1d4d0622a8f5239c8de5bdd9ab22d78bed9a2371f962fc471781d,"[1,2,3,4,5]"
Q,edc_n17,primary,D16/T8/split_complex_float32_v1,cell-20f030b1d877b1b931978161fc431edfd37f51bf58e78d734b722236a0fabd07,"[1,2,3,4,5]"
Q,edc_n17,primary,D32/T8/split_complex_float32_v1,cell-d1762a682984006083c1bc8430071a2dce19801239ff224b3f7cdea597f256b6,"[1,2,3,4,5]"
Q,edc_n17,primary,D64/T8/split_complex_float32_v1,cell-5751f0ce1e299a9971fafd7edf5b88bc8dcba69aa8e84d35586ccd593d992e0a,"[1,2,3,4,5]"
Q,edc_n17,primary,D1/T24/split_complex_float32_v1,cell-cd80fe1a6a9f6c39307b05663c8aa896428b54d8d994d17ba5be859d566329c2,"[1,2,3,4,5]"
Q,edc_n17,primary,D2/T24/split_complex_float32_v1,cell-9b68f46bb151830cda6536d0ff0fa6b17f4b5990a4faa9446419f5fb94a05c73,"[1,2,3,4,5]"
Q,edc_n17,primary,D4/T24/split_complex_float32_v1,cell-d1b27576ee4a7662c868c012f0c0c7ff62d8b5c92623b9d12331b8c45c299466,"[1,2,3,4,5]"
Q,edc_n17,primary,D8/T24/split_complex_float32_v1,cell-cf1efffbdfc800cfc28fe60c39c43b9324a2c9c9fc8ea72f162e63dd04711227,"[1,2,3,4,5]"
Q,edc_n17,primary,D16/T24/split_complex_float32_v1,cell-e49bde6e9a0bcc032c457dd9a5401ac10c8c0fb74880980b9c5fea3cdc3174b4,"[1,2,3,4,5]"
Q,edc_n17,primary,D32/T24/split_complex_float32_v1,cell-a123e888827b900a6d7ae821b36f989e630f53ed8a860a3e49d63945a4f562d0,"[1,2,3,4,5]"
Q,edc_n17,primary,D64/T24/split_complex_float32_v1,cell-75fdee8355aa8a8de282b8e4d06bf8c742e7ec158f18ddd5fa2f48d31b084676,"[1,2,3,4,5]"
Q,edc_n17,primary,D1/T8/complex_int8_shared_scale_v1,cell-991290869be17d9b805a850eeb61a3cac3f081678b078b843f8e5dfcd5eef8f9,"[1,2,3,4,5]"
Q,edc_n17,primary,D2/T8/complex_int8_shared_scale_v1,cell-a5833404a4e71bba33d013ceae6a7763b1641080c8e96ae1632d2257a372c587,"[1,2,3,4,5]"
Q,edc_n17,primary,D4/T8/complex_int8_shared_scale_v1,cell-296cf180f42c5ea4c7d44e6f47193bb48076e1d2c6a7a015942b3ad2b5cc6791,"[1,2,3,4,5]"
Q,edc_n17,primary,D8/T8/complex_int8_shared_scale_v1,cell-76781096237628321ecf6a1eb06c75ea9421d8a1a28bf02ffa1433f95d96a76e,"[1,2,3,4,5]"
Q,edc_n17,primary,D16/T8/complex_int8_shared_scale_v1,cell-33f4ec0abfd2939887b1846127655b1b8a991b317592fe3e95de4f4469e09bc6,"[1,2,3,4,5]"
Q,edc_n17,primary,D32/T8/complex_int8_shared_scale_v1,cell-025e3b8204291c6c9cf418d39686cfedd7a3f2f53ae40fc22c867809ec2b93e1,"[1,2,3,4,5]"
Q,edc_n17,primary,D64/T8/complex_int8_shared_scale_v1,cell-8a8c7cbfc9565073e3a87978145af5be0bde9e16dc6ebbd5ed2540a8481f8526,"[1,2,3,4,5]"
Q,edc_n17,primary,D1/T24/complex_int8_shared_scale_v1,cell-75ba4b37eb09856b39b7069e85536803575e26cab6f940a02ee9fb423659e8ac,"[1,2,3,4,5]"
Q,edc_n17,primary,D2/T24/complex_int8_shared_scale_v1,cell-10a546a86f20a86a342e022f8cb21e4968ddbbc83ede6ec453f3ae8b6409284c,"[1,2,3,4,5]"
Q,edc_n17,primary,D4/T24/complex_int8_shared_scale_v1,cell-ca28b80df0bbb61346f11dcb579067c4be8a56279677ada2a6f4b7e44c6ed844,"[1,2,3,4,5]"
Q,edc_n17,primary,D8/T24/complex_int8_shared_scale_v1,cell-fe2c8f4cc90d0173d6c75a099d05c534796791929e5b5f6dc12c0d6a6bc32225,"[1,2,3,4,5]"
Q,edc_n17,primary,D16/T24/complex_int8_shared_scale_v1,cell-eb8c66c0b263ad9dd3d98f58c7a8064389004ac46860c9dd1672a8e09f875fa4,"[1,2,3,4,5]"
Q,edc_n17,primary,D32/T24/complex_int8_shared_scale_v1,cell-10f4a5b20157edf563c48f546fa15f437c6a8c69cdce824a39bf84a8d1c3add1,"[1,2,3,4,5]"
Q,edc_n17,primary,D64/T24/complex_int8_shared_scale_v1,cell-f3942793967b18a75b0fed6480dd6587f117eeb2156242af3b11849e9bf9dd3b,"[1,2,3,4,5]"
Q,hs_n18,primary,D1/T8/split_complex_float32_v1,cell-cde87601882f2fdc3d1805612483d608d3ef97161564649761deb12f18038ac0,"[1,2,3,4,5]"
Q,hs_n18,primary,D2/T8/split_complex_float32_v1,cell-0ed5739e09a3788e06add0b2956129ba25736e1a8787942dd358ea2f990fbcbe,"[1,2,3,4,5]"
Q,hs_n18,primary,D4/T8/split_complex_float32_v1,cell-8fc3ac603a1b1c47a22fcd983d1cf216c2dd22271a26c27f778e882fd3870024,"[1,2,3,4,5]"
Q,hs_n18,primary,D8/T8/split_complex_float32_v1,cell-b1054bf169f966ab46527680c9f2857407627fdce192e67589e484bf3994f589,"[1,2,3,4,5]"
Q,hs_n18,primary,D16/T8/split_complex_float32_v1,cell-faaef68fa7ed87038916e35764fdf4680cfad4f7b06409bce8e93024c09d3a67,"[1,2,3,4,5]"
Q,hs_n18,primary,D32/T8/split_complex_float32_v1,cell-2a4ed2570b383e0cc9be8f709cd0ae9a21d4dc6a256e8134e25b3f3fae555788,"[1,2,3,4,5]"
Q,hs_n18,primary,D64/T8/split_complex_float32_v1,cell-ad5e810b1f76dd99cb1d34c9e7b48b657139a160980da8753b818cd2f4116a0e,"[1,2,3,4,5]"
Q,hs_n18,primary,D1/T24/split_complex_float32_v1,cell-3cb46ae80fdcdd4d84dee60087ccc85073f7c0e667a2264fb502e2abfc11d127,"[1,2,3,4,5]"
Q,hs_n18,primary,D2/T24/split_complex_float32_v1,cell-1502b09b7a622b362b18ba19df114efe94cb66c73a73e13ea9baa97d91ba9aa0,"[1,2,3,4,5]"
Q,hs_n18,primary,D4/T24/split_complex_float32_v1,cell-ca877e196041c90fd6f4544d1e5a5efe701752039d9b1114a8db946dffa1bae5,"[1,2,3,4,5]"
Q,hs_n18,primary,D8/T24/split_complex_float32_v1,cell-db769d8630f54b0f6c15da92d4e954d03f44be0e4a9d4e90db45fcafb83df3ed,"[1,2,3,4,5]"
Q,hs_n18,primary,D16/T24/split_complex_float32_v1,cell-4fd7bfa1c356ab3e86439ed994142ee1e8b1a52d2bf72c87dcd8276241b80d42,"[1,2,3,4,5]"
Q,hs_n18,primary,D32/T24/split_complex_float32_v1,cell-81e3e536bbbb3ab49a1f200dba64f59701a59f9246128a9fba4fe63dc4c0a65a,"[1,2,3,4,5]"
Q,hs_n18,primary,D64/T24/split_complex_float32_v1,cell-b769d86a4617218ab819caacbb604a8ad35ea0debba72f546b845fe845f7416a,"[1,2,3,4,5]"
Q,hs_n18,primary,D1/T8/complex_int8_shared_scale_v1,cell-6b1a31d7984b1fae32e9d377ec2ad1a58c9ec2e32c82cdb9abb508ca4c6efa37,"[1,2,3,4,5]"
Q,hs_n18,primary,D2/T8/complex_int8_shared_scale_v1,cell-a82033fd70e8f39ab4827c68af07a2b0d0a80c7e962a3cbc9faad6f2be3df547,"[1,2,3,4,5]"
Q,hs_n18,primary,D4/T8/complex_int8_shared_scale_v1,cell-f8e5f77ddbcd944e83b05fc3b89b0e4045b283344bd5d28ce37f3c24514b85ee,"[1,2,3,4,5]"
Q,hs_n18,primary,D8/T8/complex_int8_shared_scale_v1,cell-bf008e921538d74a8c0a110d122b4adf30718148f4ebd388676fa1f92900a370,"[1,2,3,4,5]"
Q,hs_n18,primary,D16/T8/complex_int8_shared_scale_v1,cell-e3ed43dc38b8a82ff0bbb13634edff06e2c3384ef6e396fba71cc4e8f0724326,"[1,2,3,4,5]"
Q,hs_n18,primary,D32/T8/complex_int8_shared_scale_v1,cell-ab39e84fd14b8e44fad59264d1be0077b033437e52d646aa5015f5811a421e8d,"[1,2,3,4,5]"
Q,hs_n18,primary,D64/T8/complex_int8_shared_scale_v1,cell-d6f1c14d9bd3d51155fd6793a2656263657ce7de57d4b80d83920eaa890c49bb,"[1,2,3,4,5]"
Q,hs_n18,primary,D1/T24/complex_int8_shared_scale_v1,cell-9ec2a2e012e4e825c75dc51c2a515bd1f86c7005ec5cb7154c5b7a297172dbe5,"[1,2,3,4,5]"
Q,hs_n18,primary,D2/T24/complex_int8_shared_scale_v1,cell-7d19a67e44cc3fbd3f47addf503519d9673badc1f8822142f5d8896adb02628e,"[1,2,3,4,5]"
Q,hs_n18,primary,D4/T24/complex_int8_shared_scale_v1,cell-99105ac859c8519f3109d1bebd8d542fa8e46156b1bb809dd933f76afd533233,"[1,2,3,4,5]"
Q,hs_n18,primary,D8/T24/complex_int8_shared_scale_v1,cell-c5908a50e8aa47fc49acbc9171c29237236f715c074c649718ae25ff2a4b3bc9,"[1,2,3,4,5]"
Q,hs_n18,primary,D16/T24/complex_int8_shared_scale_v1,cell-419cbac8b2c4692cf7447bc547334f5889f48b2d324ac69d021fd0cb0915c9d9,"[1,2,3,4,5]"
Q,hs_n18,primary,D32/T24/complex_int8_shared_scale_v1,cell-7ac5a8840b81fc3a095623966795a618ca4d67ec6cd537fc206c80dd12069002,"[1,2,3,4,5]"
Q,hs_n18,primary,D64/T24/complex_int8_shared_scale_v1,cell-d1be78175025142c0fb69523f7d8717701fde70eb06ae0aed7a4ca09a1f933df,"[1,2,3,4,5]"
Q,qrng_n18,primary,D1/T8/split_complex_float32_v1,cell-80503432509a46026c261479ceccb14d6e7b19607484fcc1cd4ef0a1c49f2f1b,"[1,2,3,4,5]"
Q,qrng_n18,primary,D2/T8/split_complex_float32_v1,cell-d446a4982d3e75fdfd6d50464a025c10a97c889ccf8d395d343c589f51efaf65,"[1,2,3,4,5]"
Q,qrng_n18,primary,D4/T8/split_complex_float32_v1,cell-80955750d006c9840ed951e586f670c7b592cd9a479be7d35e205a6f0d093a76,"[1,2,3,4,5]"
Q,qrng_n18,primary,D8/T8/split_complex_float32_v1,cell-9b14b80b449aa05726e00f9bf0723f1fadea576674bb5c4df15d16125474e812,"[1,2,3,4,5]"
Q,qrng_n18,primary,D16/T8/split_complex_float32_v1,cell-209d6ee29d91f68e6e901b5ce6c153418585520ff9cd7e56837b77916c76cfcf,"[1,2,3,4,5]"
Q,qrng_n18,primary,D32/T8/split_complex_float32_v1,cell-46e0b391c446513649bd1504d61611e35789fe36a180a8c553acb5f936d17f86,"[1,2,3,4,5]"
Q,qrng_n18,primary,D64/T8/split_complex_float32_v1,cell-d5f96c62ddaeeb44586c4e0eb146db1abf9ec1900aef6bc302cf8b5cd41231e0,"[1,2,3,4,5]"
Q,qrng_n18,primary,D1/T24/split_complex_float32_v1,cell-ada19a5f318838226e4aea2720fe8cbd47ec8b6e682d254cbf581883c14453af,"[1,2,3,4,5]"
Q,qrng_n18,primary,D2/T24/split_complex_float32_v1,cell-11f641a0a0583579fbe992da71fbe792ccac8413ed4f623292516202998e0577,"[1,2,3,4,5]"
Q,qrng_n18,primary,D4/T24/split_complex_float32_v1,cell-5690d57216e38a5252527fdb3b9168ad0cf36741e84a4b7f468e5b7e17e8c3a1,"[1,2,3,4,5]"
Q,qrng_n18,primary,D8/T24/split_complex_float32_v1,cell-be9c87c442e8e8ea3df205d48c2b4f105a26d951b4760e02d028d36df498c86b,"[1,2,3,4,5]"
Q,qrng_n18,primary,D16/T24/split_complex_float32_v1,cell-988fb81ea048da9b93c3018384c9721613957a393797ba15a01f77df3d8a2842,"[1,2,3,4,5]"
Q,qrng_n18,primary,D32/T24/split_complex_float32_v1,cell-6c6e51e89af5c2994c66db9a3a97462447fdd322e8a3ecebab9cd28415e42b4b,"[1,2,3,4,5]"
Q,qrng_n18,primary,D64/T24/split_complex_float32_v1,cell-880b187d4c2816f4c9cb8833330c79bb95c52476136050fc1698a5fbd2de0045,"[1,2,3,4,5]"
Q,qrng_n18,primary,D1/T8/complex_int8_shared_scale_v1,cell-36bdafe3cf20080652efe1c0112ba180558ae65c9dc10ed38d8d4f68763481b5,"[1,2,3,4,5]"
Q,qrng_n18,primary,D2/T8/complex_int8_shared_scale_v1,cell-2a1c4806dac4030490a3e1b1862f1cc00337e987991e6a4cea142681eeeeff16,"[1,2,3,4,5]"
Q,qrng_n18,primary,D4/T8/complex_int8_shared_scale_v1,cell-45486ca01ba926c3df62b8165dc7bbd6e5298580d3f710b9f675f989b4ba4ee0,"[1,2,3,4,5]"
Q,qrng_n18,primary,D8/T8/complex_int8_shared_scale_v1,cell-d91e3458b8c151188600720c3c6d8ef4e4a305637cbb8aeae21995f1a2a48fe7,"[1,2,3,4,5]"
Q,qrng_n18,primary,D16/T8/complex_int8_shared_scale_v1,cell-97b43b3b9ec9668947567a030005b73fdd877d3fc958f08bd326f77a7d2e252d,"[1,2,3,4,5]"
Q,qrng_n18,primary,D32/T8/complex_int8_shared_scale_v1,cell-3412efa991ceaddd058ca0438e979b962cfc794c514c82b6b5e25a4f207d1384,"[1,2,3,4,5]"
Q,qrng_n18,primary,D64/T8/complex_int8_shared_scale_v1,cell-e320b0b54a34b53939e3504090ef94cc1183518d91889b6fd24bacfe8a763bab,"[1,2,3,4,5]"
Q,qrng_n18,primary,D1/T24/complex_int8_shared_scale_v1,cell-fdf9208705cf04ecf24b7b5fea3e00812e25adb8e7d3034945aea042f1e9d69d,"[1,2,3,4,5]"
Q,qrng_n18,primary,D2/T24/complex_int8_shared_scale_v1,cell-fa8b59872070d3d946562d96a6a7c2c1c3c445f2c6bfd30a5d84c6654be6ba0e,"[1,2,3,4,5]"
Q,qrng_n18,primary,D4/T24/complex_int8_shared_scale_v1,cell-ca15984a0a023e77e6c7556e74e2c6d6dd69ec7642ed1add6fdcffdbb28c340d,"[1,2,3,4,5]"
Q,qrng_n18,primary,D8/T24/complex_int8_shared_scale_v1,cell-6180cfff5f5e2cc3beb925910c09fdf94270103347d6323cfee59eaf511392a6,"[1,2,3,4,5]"
Q,qrng_n18,primary,D16/T24/complex_int8_shared_scale_v1,cell-2fb630bbbd221e20ac93712a0f55442cc3e0c9c8df609c2ccc7813743b4816e2,"[1,2,3,4,5]"
Q,qrng_n18,primary,D32/T24/complex_int8_shared_scale_v1,cell-035be98c8f9191cfdcb505f7cfbc0e9bd52b48eb43b72ed274c2d857f709d02f,"[1,2,3,4,5]"
Q,qrng_n18,primary,D64/T24/complex_int8_shared_scale_v1,cell-bb0ac96c905cee1ceeb423e63ee7a56014368a25ad0c94a00db17680b67954d4,"[1,2,3,4,5]"
Q,xor_n18,primary,D1/T8/split_complex_float32_v1,cell-f50b142657d3734cfd4d8f0db8669eef42ec5f4174f4eb677bd1d7da8a92392a,"[1,2,3,4,5]"
Q,xor_n18,primary,D2/T8/split_complex_float32_v1,cell-de788082ffb06bde872fa9eedd408693934d23caf525703ecaa40f5484672934,"[1,2,3,4,5]"
Q,xor_n18,primary,D4/T8/split_complex_float32_v1,cell-fbd6bded04649957a4d702cf8e87eb38cbe73f4dc4469fadee76effa61ec6d8e,"[1,2,3,4,5]"
Q,xor_n18,primary,D8/T8/split_complex_float32_v1,cell-b55b798f67f6dbccd36ebbef87d64247a4c24253619242b7f83ceb4506f5e24f,"[1,2,3,4,5]"
Q,xor_n18,primary,D16/T8/split_complex_float32_v1,cell-7a3fdf41530e9175fb1a2f2bec3510675b27863b9ec01cbe8dcd90056bcb0228,"[1,2,3,4,5]"
Q,xor_n18,primary,D32/T8/split_complex_float32_v1,cell-77a815727ddfb257582e794a5683f8e454452515337352271e05799f45bb0cdc,"[1,2,3,4,5]"
Q,xor_n18,primary,D64/T8/split_complex_float32_v1,cell-b3bf999e049eb1415ba17fcd1dce9e224d71fdb744366e613680708b8cd6fc66,"[1,2,3,4,5]"
Q,xor_n18,primary,D1/T24/split_complex_float32_v1,cell-5935e4a952bbb58f3d7df836141f2fd8afbc862813a18f155d20b812bffcbceb,"[1,2,3,4,5]"
Q,xor_n18,primary,D2/T24/split_complex_float32_v1,cell-4238d7189dbd0645690d481e70b5d8fc6247571d652e779a8ea569221f399c89,"[1,2,3,4,5]"
Q,xor_n18,primary,D4/T24/split_complex_float32_v1,cell-aa0ee460d955e87e4d469709c8ba6b5915d50ddb970cd2a3a6d96ad07c882b84,"[1,2,3,4,5]"
Q,xor_n18,primary,D8/T24/split_complex_float32_v1,cell-b23a23b0c683b5a7d6a03256e7435ef6e7595b2c95190dbec3f734bffc5be45c,"[1,2,3,4,5]"
Q,xor_n18,primary,D16/T24/split_complex_float32_v1,cell-f291fc148d5acb839a173565f64979c8e1fc60d740a45a0584a00c57c69bb278,"[1,2,3,4,5]"
Q,xor_n18,primary,D32/T24/split_complex_float32_v1,cell-7fae30c68c086c3ab3bb57a81794559ef57cd561793ff47911df87ac6b7142a6,"[1,2,3,4,5]"
Q,xor_n18,primary,D64/T24/split_complex_float32_v1,cell-3092e28c57f8d8caad554dc0281d7a246a0382f2535cf996b08853b4f661fdb9,"[1,2,3,4,5]"
Q,xor_n18,primary,D1/T8/complex_int8_shared_scale_v1,cell-4fbad9d4fce4140349346ca03dab524e9d638d6ae8d9498047beb046090115dc,"[1,2,3,4,5]"
Q,xor_n18,primary,D2/T8/complex_int8_shared_scale_v1,cell-c9f0a0a9819a3b101d9c17834fe34d358ab1dcbf5b0a6c95f35d9951484f38d2,"[1,2,3,4,5]"
Q,xor_n18,primary,D4/T8/complex_int8_shared_scale_v1,cell-5a6c17786ad42cd2c61f851aa001e38956b083c936f8c4cac31856fde5f3c5cb,"[1,2,3,4,5]"
Q,xor_n18,primary,D8/T8/complex_int8_shared_scale_v1,cell-0eefead232cd5c4e5e185ded57f69eae72ff746074ce1e7d92cd47c33db74851,"[1,2,3,4,5]"
Q,xor_n18,primary,D16/T8/complex_int8_shared_scale_v1,cell-984e1a7ae27c8ee52a268c925030329104ffe713dddbb00e7e81aad6a3f8e4e8,"[1,2,3,4,5]"
Q,xor_n18,primary,D32/T8/complex_int8_shared_scale_v1,cell-f1506a6e4040d69275f3d8942bd233b7c0b99745db6edf0b2d8a75176152de92,"[1,2,3,4,5]"
Q,xor_n18,primary,D64/T8/complex_int8_shared_scale_v1,cell-83751819c45cc5c2ae79b50bff8ca19afde9eb65eb85f14f3fadd22e2f55ab96,"[1,2,3,4,5]"
Q,xor_n18,primary,D1/T24/complex_int8_shared_scale_v1,cell-cc1759162946af61d02263c2a43766259a53ebd02436113016075629600ed324,"[1,2,3,4,5]"
Q,xor_n18,primary,D2/T24/complex_int8_shared_scale_v1,cell-a3eff174ceffb0fca9cb33f393748e4969dfb3fe02f241b67159cea4832d6490,"[1,2,3,4,5]"
Q,xor_n18,primary,D4/T24/complex_int8_shared_scale_v1,cell-2ce0c4817e19940a52e00706d16d8a3c848fda43d2b9b46d984414e64415ed6c,"[1,2,3,4,5]"
Q,xor_n18,primary,D8/T24/complex_int8_shared_scale_v1,cell-939455214ab166b77118dae6726fbdafba5434f2ea43790662b0921dd736732f,"[1,2,3,4,5]"
Q,xor_n18,primary,D16/T24/complex_int8_shared_scale_v1,cell-e2c3ba06e4c483dfc0ffddcd779e70c9fd7cf90a57a704536de087e7b3a47d66,"[1,2,3,4,5]"
Q,xor_n18,primary,D32/T24/complex_int8_shared_scale_v1,cell-d1a630adf0f5cc250c18691f19b68834fad4f3ec4e4fd2d090456c91c2196e4c,"[1,2,3,4,5]"
Q,xor_n18,primary,D64/T24/complex_int8_shared_scale_v1,cell-e25c37833c166ed599233395ea9869fb10a6ec5d2bde52db23618517abb810a1,"[1,2,3,4,5]"
Q,stress_n16_l2,supplementary,D1/T8/split_complex_float32_v1,cell-4e7585791c34ae97c47e964f8a15e04a784f733197d330989084ac16b18f8948,"[1,2,3,4,5]"
Q,stress_n16_l2,supplementary,D2/T8/split_complex_float32_v1,cell-c5c529d8d874ccae6af7a9fc1d586ac85c99fb16d064931b10cea98e4ffb5445,"[1,2,3,4,5]"
Q,stress_n16_l2,supplementary,D4/T8/split_complex_float32_v1,cell-9e3816fa30baae08316b3127025615b0d2b994e53c07521c2d647522b86e0d9f,"[1,2,3,4,5]"
Q,stress_n16_l2,supplementary,D8/T8/split_complex_float32_v1,cell-359abf3ac2c8c831a45a8044bfd06558552ab0cfde08ec264f6b9811ed2f27f2,"[1,2,3,4,5]"
Q,stress_n16_l2,supplementary,D16/T8/split_complex_float32_v1,cell-1f71fc05f932f918f41d050686193138d3a155c428ac1aada388f506b5f28647,"[1,2,3,4,5]"
Q,stress_n16_l2,supplementary,D32/T8/split_complex_float32_v1,cell-25da55ec0f89442321592b48e6ec495f92535f80cec5f608a26c5809728072d6,"[1,2,3,4,5]"
Q,stress_n16_l2,supplementary,D64/T8/split_complex_float32_v1,cell-d6619904fc52524926e6984ad0c44f8cffee0959f7414d7910b169739d461b26,"[1,2,3,4,5]"
Q,stress_n16_l2,supplementary,D1/T24/split_complex_float32_v1,cell-79fab29436b8d54d51fd0c499f67159fa06637101fb6e9b3f76847b42f9cdcbb,"[1,2,3,4,5]"
Q,stress_n16_l2,supplementary,D2/T24/split_complex_float32_v1,cell-8c628bba928480ee385840b822170d0d80d6bcd81858c5b6c0337394b4bbc3ac,"[1,2,3,4,5]"
Q,stress_n16_l2,supplementary,D4/T24/split_complex_float32_v1,cell-c88fd3ac4bed0d573959a664e1e482679cde3f53701e1941f0b9c7cb84ba825a,"[1,2,3,4,5]"
Q,stress_n16_l2,supplementary,D8/T24/split_complex_float32_v1,cell-e0e34728a6df02d7651cdc241cbc2b597a96dfff0bb74182a24d1ca9b0c5466d,"[1,2,3,4,5]"
Q,stress_n16_l2,supplementary,D16/T24/split_complex_float32_v1,cell-e829c9ee9dc61d721927e68d3b66637b0345cf3db2cf08522b226e54b29b7443,"[1,2,3,4,5]"
Q,stress_n16_l2,supplementary,D32/T24/split_complex_float32_v1,cell-41f13a45d5993229bac5ab553d0bfdbfcdb134ad08781875447ce1f73f3f6c79,"[1,2,3,4,5]"
Q,stress_n16_l2,supplementary,D64/T24/split_complex_float32_v1,cell-c18b1624729d82b22dc3c8d501351b37fb51783b40467ca9971440973bd0dd8e,"[1,2,3,4,5]"
Q,stress_n16_l2,supplementary,D1/T8/complex_int8_shared_scale_v1,cell-de3505f90ce2b9c016df7aa28628dfdec046e9b311a80d03bdd3d3d6389eda3b,"[1,2,3,4,5]"
Q,stress_n16_l2,supplementary,D2/T8/complex_int8_shared_scale_v1,cell-f2bb6b727acfff0a7d53a1ec816bf8fd5cf94bee69f9800b7c3f556d815a3f4d,"[1,2,3,4,5]"
Q,stress_n16_l2,supplementary,D4/T8/complex_int8_shared_scale_v1,cell-ef8e0df5498cab10ee1426154a13abd40e7a05530e8ece512368a059f7eb9909,"[1,2,3,4,5]"
Q,stress_n16_l2,supplementary,D8/T8/complex_int8_shared_scale_v1,cell-7a0c178b9e5bac3810c1aa5540ef6f3e47eb5351ef6a2525ec5a7e26e7722c64,"[1,2,3,4,5]"
Q,stress_n16_l2,supplementary,D16/T8/complex_int8_shared_scale_v1,cell-dee98901746541a5fc3f8f21837efde8fc9c5c8e1d0883fe59ea06dac2ce395f,"[1,2,3,4,5]"
Q,stress_n16_l2,supplementary,D32/T8/complex_int8_shared_scale_v1,cell-ba6d45393fc510097c3def0ebc74bb605e76bc8a91870c7f1c3f298214ad0fc6,"[1,2,3,4,5]"
Q,stress_n16_l2,supplementary,D64/T8/complex_int8_shared_scale_v1,cell-bea10c267e9ebdc28400f166cf41eb84ddb5d828fac0f708ac9b5a67e4aa0ba2,"[1,2,3,4,5]"
Q,stress_n16_l2,supplementary,D1/T24/complex_int8_shared_scale_v1,cell-1eae6d099a1a67c84c5c69eb168bb55b0113d37941e776a961744db147b34722,"[1,2,3,4,5]"
Q,stress_n16_l2,supplementary,D2/T24/complex_int8_shared_scale_v1,cell-48c0a82e19ec551dccb9ccd107297321d440615b4f269b9d344e86923d95e575,"[1,2,3,4,5]"
Q,stress_n16_l2,supplementary,D4/T24/complex_int8_shared_scale_v1,cell-88c06001712fe78ad29562e860728643bb7f7e1a5a327a3b80cfef31dcd0bcee,"[1,2,3,4,5]"
Q,stress_n16_l2,supplementary,D8/T24/complex_int8_shared_scale_v1,cell-01540b52e122495afe0f1e0f9cba755ecca727fea1ac0df92ec7a6175176f733,"[1,2,3,4,5]"
Q,stress_n16_l2,supplementary,D16/T24/complex_int8_shared_scale_v1,cell-ad8b8d8aa10a047e7aa8dd69c1eb8231240a566c5083c213609d6e27193ddf01,"[1,2,3,4,5]"
Q,stress_n16_l2,supplementary,D32/T24/complex_int8_shared_scale_v1,cell-8d3bee3284cc511c816f0e425542abc1f1e17f92b5d30477ebbfddf20d07c3c8,"[1,2,3,4,5]"
Q,stress_n16_l2,supplementary,D64/T24/complex_int8_shared_scale_v1,cell-69f15fddff0a0eee653a5c19a6ae14e09b4b921278cf99449f873efd1f4d7373,"[1,2,3,4,5]"
Q,stress_n18_l2,supplementary,D1/T8/split_complex_float32_v1,cell-2f3c0b57073c3ccb74fc354c7f0dc87455051647a7338190fadde5bda3200935,"[1,2,3,4,5]"
Q,stress_n18_l2,supplementary,D2/T8/split_complex_float32_v1,cell-2df6e713d2ba6660701a5c6e4ea960c578779f8fb5e16cb6dff5847189bb0e69,"[1,2,3,4,5]"
Q,stress_n18_l2,supplementary,D4/T8/split_complex_float32_v1,cell-e07b5c2fc3b325c8bcc49c89bcd6054546028b47246122a77c55f6f6979c0c76,"[1,2,3,4,5]"
Q,stress_n18_l2,supplementary,D8/T8/split_complex_float32_v1,cell-898ecae82e780ee328f66c6e316488b49414b11a323a46d1bc1f92f2713d2889,"[1,2,3,4,5]"
Q,stress_n18_l2,supplementary,D16/T8/split_complex_float32_v1,cell-e9cb816d27b1cf18be51b969fea54553e84709fa5ddce54bb6db2742b8397094,"[1,2,3,4,5]"
Q,stress_n18_l2,supplementary,D32/T8/split_complex_float32_v1,cell-8ed82b69f49d5c3072b285a43821076c5bc48c6c762e8c44c74ddf8eb2a0bd94,"[1,2,3,4,5]"
Q,stress_n18_l2,supplementary,D64/T8/split_complex_float32_v1,cell-19daf5042203b27f314452e5fc20225b0d2b36f132ca7e1e136c567ea37a7f6a,"[1,2,3,4,5]"
Q,stress_n18_l2,supplementary,D1/T24/split_complex_float32_v1,cell-e028efd228d204f0a2b741035c798f3cb3562685c0b661a41000ffb7ba890950,"[1,2,3,4,5]"
Q,stress_n18_l2,supplementary,D2/T24/split_complex_float32_v1,cell-8be19992e3de3fbc0efa67a6f76d98b2954063a7aad6ea9f39188d69701ae95f,"[1,2,3,4,5]"
Q,stress_n18_l2,supplementary,D4/T24/split_complex_float32_v1,cell-2becb6f4110c897b3b51c1323d60a99c13b9e58e2121af5a4e543326b1f9fbcc,"[1,2,3,4,5]"
Q,stress_n18_l2,supplementary,D8/T24/split_complex_float32_v1,cell-39aaa6746aeb78e5659df04d9f4447872b59467028d9f4536469066316407f1c,"[1,2,3,4,5]"
Q,stress_n18_l2,supplementary,D16/T24/split_complex_float32_v1,cell-263050a833e74dd792b57c0a1fe80f9477ffc0e3e0cae9a04b01a62a30f4bfa5,"[1,2,3,4,5]"
Q,stress_n18_l2,supplementary,D32/T24/split_complex_float32_v1,cell-7dadd69e1a1ba35ed997f2210b2ac5ee478fd80d8fc42651a9fc0a25adcfde3f,"[1,2,3,4,5]"
Q,stress_n18_l2,supplementary,D64/T24/split_complex_float32_v1,cell-5327094d7b5882a10c8e128ba98e0ffb567c76be485598d332f3dd9e902ef527,"[1,2,3,4,5]"
Q,stress_n18_l2,supplementary,D1/T8/complex_int8_shared_scale_v1,cell-df9f63aebbbe2611ebf3b8a19affbc7b3e8edcdf50bf833d19de949887b6a3ab,"[1,2,3,4,5]"
Q,stress_n18_l2,supplementary,D2/T8/complex_int8_shared_scale_v1,cell-a6420b7a3a77a7130913ceb6d1ab9f13f223e0142d710e2385dcc9d8c1ac4983,"[1,2,3,4,5]"
Q,stress_n18_l2,supplementary,D4/T8/complex_int8_shared_scale_v1,cell-a10ad9eed4a9d27041fcbb771a027ad4a08425d84f4bae1caa46194a9f63e160,"[1,2,3,4,5]"
Q,stress_n18_l2,supplementary,D8/T8/complex_int8_shared_scale_v1,cell-b97244e35f5d6029e9361f43807b89673776acc0aa66537d7461c00fd308ca3b,"[1,2,3,4,5]"
Q,stress_n18_l2,supplementary,D16/T8/complex_int8_shared_scale_v1,cell-3217a2a01e726849a796fb65d5425e1fec97656ba145de1def23fd4f8ecd9565,"[1,2,3,4,5]"
Q,stress_n18_l2,supplementary,D32/T8/complex_int8_shared_scale_v1,cell-7a2c8c24c84991bfa459b9c2d691105eea8e9f911bd0da07f359e2abc566f267,"[1,2,3,4,5]"
Q,stress_n18_l2,supplementary,D64/T8/complex_int8_shared_scale_v1,cell-aac781613e102fddfbe08dd29ff0242360935be7790914a9a1a592c9e188d66f,"[1,2,3,4,5]"
Q,stress_n18_l2,supplementary,D1/T24/complex_int8_shared_scale_v1,cell-603b3c1aaeb264daad24ed742fa23780899f11097bf5bc1f2cadcb6f8d485419,"[1,2,3,4,5]"
Q,stress_n18_l2,supplementary,D2/T24/complex_int8_shared_scale_v1,cell-d8c3cdca6d41ab5607b927422f541f184fde43a45345ae5801b04b858d75c66a,"[1,2,3,4,5]"
Q,stress_n18_l2,supplementary,D4/T24/complex_int8_shared_scale_v1,cell-ec8c35aff50b8a42be8f4626a83f0681ab3fd09fb33f0b1f836d0f62f636f4a2,"[1,2,3,4,5]"
Q,stress_n18_l2,supplementary,D8/T24/complex_int8_shared_scale_v1,cell-e26ecc69d33014457b191cf2925088d26cb28e4312734bf7244cf85bbb67cf02,"[1,2,3,4,5]"
Q,stress_n18_l2,supplementary,D16/T24/complex_int8_shared_scale_v1,cell-97f823a226b26f0937e1d59e61c36adf63d5ad80d99a317c7636d47b8d959e09,"[1,2,3,4,5]"
Q,stress_n18_l2,supplementary,D32/T24/complex_int8_shared_scale_v1,cell-f49e7f228421f6a6167eddaedbe808848e774f9cce661f9c4148521c202fa290,"[1,2,3,4,5]"
Q,stress_n18_l2,supplementary,D64/T24/complex_int8_shared_scale_v1,cell-34417be4a4642d6e961a88dcbed7c8d7bb2425bde4cd81e8ff93be63630fa692,"[1,2,3,4,5]"
Q,ghz_n18,supplementary,D1/T8/split_complex_float32_v1,cell-bfcc10596c6aac899b930f1c42e2b9003aaa9e98d14f94fd366d4d197f9c2c4a,"[1,2,3,4,5]"
Q,ghz_n18,supplementary,D2/T8/split_complex_float32_v1,cell-408fb591720c4f40a85f869de89a5eb15005fd55abf339fe3c91faa7c20ee017,"[1,2,3,4,5]"
Q,ghz_n18,supplementary,D4/T8/split_complex_float32_v1,cell-15e53a1bc79558087639bbb1e781f9019af28c76305e279401e7e1be33b746f3,"[1,2,3,4,5]"
Q,ghz_n18,supplementary,D8/T8/split_complex_float32_v1,cell-2a1ca6d365084adabe0fe9a5d2f9fa470c805956fbecf0a89be0825f6ff8a6f3,"[1,2,3,4,5]"
Q,ghz_n18,supplementary,D16/T8/split_complex_float32_v1,cell-51adb34cdf080621c8a77eece8bf9b6e5c5acaec86c1864576d0eb674057e82f,"[1,2,3,4,5]"
Q,ghz_n18,supplementary,D32/T8/split_complex_float32_v1,cell-d057c7ad8f639c1066db883eb3fc9b6a9460ae2163509efc8fce7ef4d426d568,"[1,2,3,4,5]"
Q,ghz_n18,supplementary,D64/T8/split_complex_float32_v1,cell-899956312ae474d607797c2146993476afd0a10be0f746b3e3c091e0459acffc,"[1,2,3,4,5]"
Q,ghz_n18,supplementary,D1/T24/split_complex_float32_v1,cell-1aa2c1c34aa6e272efaed3c4e6b382baaad2f787e5a72a795e06bf1bfd591fa1,"[1,2,3,4,5]"
Q,ghz_n18,supplementary,D2/T24/split_complex_float32_v1,cell-316b7bdab59d087f9928d04d7643472e7bca57e149a88124971d1ac3b589cdf9,"[1,2,3,4,5]"
Q,ghz_n18,supplementary,D4/T24/split_complex_float32_v1,cell-40d3d07e707ada7579034721b24f858fa3503cbc410d2cedc5a6506af7a15ee8,"[1,2,3,4,5]"
Q,ghz_n18,supplementary,D8/T24/split_complex_float32_v1,cell-0b86a2da7220eb78201bd1f0527b6e2320e7e9ebd6da708169790c13d8ba91d4,"[1,2,3,4,5]"
Q,ghz_n18,supplementary,D16/T24/split_complex_float32_v1,cell-ef1ee85b507c814bdf6abf03e8d955ab435441dcc06043b403391b276c3a5d66,"[1,2,3,4,5]"
Q,ghz_n18,supplementary,D32/T24/split_complex_float32_v1,cell-855e1d343118f007936603c517816d3dbf9c47c8f9486ed9e3cf082c522334c1,"[1,2,3,4,5]"
Q,ghz_n18,supplementary,D64/T24/split_complex_float32_v1,cell-757100a9fc002cdaef830dd9ec210d6618b75274167aa91cab00e8f3b925566d,"[1,2,3,4,5]"
Q,ghz_n18,supplementary,D1/T8/complex_int8_shared_scale_v1,cell-6b9fcf2aedfc87ad0678c7c70af12b49904118b385829b1eda2da8577fd4983f,"[1,2,3,4,5]"
Q,ghz_n18,supplementary,D2/T8/complex_int8_shared_scale_v1,cell-65154e2e1016b92d2da27aabf61a6fdeca87300340749bacd2e643251fe3577a,"[1,2,3,4,5]"
Q,ghz_n18,supplementary,D4/T8/complex_int8_shared_scale_v1,cell-c7913c79b966a426b0e9c9540271a4d65573a16b942ba44e315d8f5e2d246e90,"[1,2,3,4,5]"
Q,ghz_n18,supplementary,D8/T8/complex_int8_shared_scale_v1,cell-b7e3ece906eb2f04b2bad735c1892a6360c90c6b1739f0dc8a24563370b055df,"[1,2,3,4,5]"
Q,ghz_n18,supplementary,D16/T8/complex_int8_shared_scale_v1,cell-599ad393dcec58699b19b19e25a7b1d216065da88e9e356126c39b00a5923a2c,"[1,2,3,4,5]"
Q,ghz_n18,supplementary,D32/T8/complex_int8_shared_scale_v1,cell-ae0c6245f1ec408707838bf5fd5ac25cc0a4c442ed3ee0352f5b262d92bec102,"[1,2,3,4,5]"
Q,ghz_n18,supplementary,D64/T8/complex_int8_shared_scale_v1,cell-3e3caf145c10f8352b728600b1501ceb0ce6d3cfe0f69bbdac2b0ce8d499f771,"[1,2,3,4,5]"
Q,ghz_n18,supplementary,D1/T24/complex_int8_shared_scale_v1,cell-974377b6e0b575bfb01c88ef185c05125e105579ca31cf6ddcfbfbd83274110b,"[1,2,3,4,5]"
Q,ghz_n18,supplementary,D2/T24/complex_int8_shared_scale_v1,cell-ae53afd85c4870444496d5a7ca32891b894f507daae8d0a020992c46c0e7d532,"[1,2,3,4,5]"
Q,ghz_n18,supplementary,D4/T24/complex_int8_shared_scale_v1,cell-6b0ad9a82bdf6c8a6b12164fbea6b8b1047f3e799ed25f352243da021f9a45bb,"[1,2,3,4,5]"
Q,ghz_n18,supplementary,D8/T24/complex_int8_shared_scale_v1,cell-f73602bdec8adfcf380ce957139b4a08216b191f0681b6f5d60cdeb2a670b2f0,"[1,2,3,4,5]"
Q,ghz_n18,supplementary,D16/T24/complex_int8_shared_scale_v1,cell-19d87aaf3f61443d06f0c24e1c2013ee83dab3239030593eabbf66d4df4fcfa0,"[1,2,3,4,5]"
Q,ghz_n18,supplementary,D32/T24/complex_int8_shared_scale_v1,cell-ed416fc845613436b15c82d62cc918542581219d30286e123cec4aa6a81af8ec,"[1,2,3,4,5]"
Q,ghz_n18,supplementary,D64/T24/complex_int8_shared_scale_v1,cell-dbc48b65b71404b635b39ba35b98730c2ad0fe3c29482b2e3a921211cc890f87,"[1,2,3,4,5]"
