case_id,family,cohort,role,view,blocks,selection_family,binding
bb84_n08,bb84,primary,upmem_f32,W,"[0,1,2,3,4,5]",bb84,after_selection_and_R_seal
bb84_n08,bb84,primary,upmem_int8,W,"[0,1,2,3,4,5]",bb84,after_selection_and_R_seal
bb84_n08,bb84,primary,quest32_p8,W,"[0,1,2,3,4,5]",bb84,after_selection_and_R_seal
bb84_n08,bb84,primary,quest32_p1,W,"[0,1,2,3,4,5]",bb84,after_selection_and_R_seal
bb84_n08,bb84,primary,numpy_f32_p1,W,"[0,1,2,3,4,5]",bb84,after_selection_and_R_seal
bb84_n12,bb84,primary,upmem_f32,W,"[0,1,2,3,4,5]",bb84,after_selection_and_R_seal
bb84_n12,bb84,primary,upmem_int8,W,"[0,1,2,3,4,5]",bb84,after_selection_and_R_seal
bb84_n12,bb84,primary,quest32_p8,W,"[0,1,2,3,4,5]",bb84,after_selection_and_R_seal
bb84_n12,bb84,primary,quest32_p1,W,"[0,1,2,3,4,5]",bb84,after_selection_and_R_seal
bb84_n12,bb84,primary,numpy_f32_p1,W,"[0,1,2,3,4,5]",bb84,after_selection_and_R_seal
bb84_n16,bb84,primary,upmem_f32,W,"[0,1,2,3,4,5]",bb84,after_selection_and_R_seal
bb84_n16,bb84,primary,upmem_int8,W,"[0,1,2,3,4,5]",bb84,after_selection_and_R_seal
bb84_n16,bb84,primary,quest32_p8,W,"[0,1,2,3,4,5]",bb84,after_selection_and_R_seal
bb84_n16,bb84,primary,quest32_p1,W,"[0,1,2,3,4,5]",bb84,after_selection_and_R_seal
bb84_n16,bb84,primary,numpy_f32_p1,W,"[0,1,2,3,4,5]",bb84,after_selection_and_R_seal
bb84_n18,bb84,primary,upmem_f32,W,"[0,1,2,3,4,5]",bb84,after_selection_and_R_seal
bb84_n18,bb84,primary,upmem_int8,W,"[0,1,2,3,4,5]",bb84,after_selection_and_R_seal
bb84_n18,bb84,primary,quest32_p8,W,"[0,1,2,3,4,5]",bb84,after_selection_and_R_seal
bb84_n18,bb84,primary,quest32_p1,W,"[0,1,2,3,4,5]",bb84,after_selection_and_R_seal
bb84_n18,bb84,primary,numpy_f32_p1,W,"[0,1,2,3,4,5]",bb84,after_selection_and_R_seal
bb84_n20,bb84,primary,upmem_f32,W,"[0,1,2,3,4,5]",bb84,after_selection_and_R_seal
bb84_n20,bb84,primary,upmem_int8,W,"[0,1,2,3,4,5]",bb84,after_selection_and_R_seal
bb84_n20,bb84,primary,quest32_p8,W,"[0,1,2,3,4,5]",bb84,after_selection_and_R_seal
bb84_n20,bb84,primary,quest32_p1,W,"[0,1,2,3,4,5]",bb84,after_selection_and_R_seal
bb84_n20,bb84,primary,numpy_f32_p1,W,"[0,1,2,3,4,5]",bb84,after_selection_and_R_seal
bb84_n22,bb84,primary,upmem_f32,W,"[0,1,2,3,4,5]",bb84,after_selection_and_R_seal
bb84_n22,bb84,primary,upmem_int8,W,"[0,1,2,3,4,5]",bb84,after_selection_and_R_seal
bb84_n22,bb84,primary,quest32_p8,W,"[0,1,2,3,4,5]",bb84,after_selection_and_R_seal
bb84_n22,bb84,primary,quest32_p1,W,"[0,1,2,3,4,5]",bb84,after_selection_and_R_seal
bb84_n22,bb84,primary,numpy_f32_p1,W,"[0,1,2,3,4,5]",bb84,after_selection_and_R_seal
bb84_n24,bb84,primary,upmem_f32,W,"[0,1,2,3,4,5]",bb84,after_selection_and_R_seal
bb84_n24,bb84,primary,upmem_int8,W,"[0,1,2,3,4,5]",bb84,after_selection_and_R_seal
bb84_n24,bb84,primary,quest32_p8,W,"[0,1,2,3,4,5]",bb84,after_selection_and_R_seal
bb84_n24,bb84,primary,quest32_p1,W,"[0,1,2,3,4,5]",bb84,after_selection_and_R_seal
bb84_n24,bb84,primary,numpy_f32_p1,W,"[0,1,2,3,4,5]",bb84,after_selection_and_R_seal
bb84_n26,bb84,primary,upmem_f32,W,"[0,1,2,3,4,5]",bb84,after_selection_and_R_seal
bb84_n26,bb84,primary,upmem_int8,W,"[0,1,2,3,4,5]",bb84,after_selection_and_R_seal
bb84_n26,bb84,primary,quest32_p8,W,"[0,1,2,3,4,5]",bb84,after_selection_and_R_seal
bb84_n26,bb84,primary,quest32_p1,W,"[0,1,2,3,4,5]",bb84,after_selection_and_R_seal
bb84_n26,bb84,primary,numpy_f32_p1,W,"[0,1,2,3,4,5]",bb84,after_selection_and_R_seal
bv_n08,bv,primary,upmem_f32,W,"[0,1,2,3,4,5]",bv,after_selection_and_R_seal
bv_n08,bv,primary,upmem_int8,W,"[0,1,2,3,4,5]",bv,after_selection_and_R_seal
bv_n08,bv,primary,quest32_p8,W,"[0,1,2,3,4,5]",bv,after_selection_and_R_seal
bv_n08,bv,primary,quest32_p1,W,"[0,1,2,3,4,5]",bv,after_selection_and_R_seal
bv_n08,bv,primary,numpy_f32_p1,W,"[0,1,2,3,4,5]",bv,after_selection_and_R_seal
bv_n12,bv,primary,upmem_f32,W,"[0,1,2,3,4,5]",bv,after_selection_and_R_seal
bv_n12,bv,primary,upmem_int8,W,"[0,1,2,3,4,5]",bv,after_selection_and_R_seal
bv_n12,bv,primary,quest32_p8,W,"[0,1,2,3,4,5]",bv,after_selection_and_R_seal
bv_n12,bv,primary,quest32_p1,W,"[0,1,2,3,4,5]",bv,after_selection_and_R_seal
bv_n12,bv,primary,numpy_f32_p1,W,"[0,1,2,3,4,5]",bv,after_selection_and_R_seal
bv_n16,bv,primary,upmem_f32,W,"[0,1,2,3,4,5]",bv,after_selection_and_R_seal
bv_n16,bv,primary,upmem_int8,W,"[0,1,2,3,4,5]",bv,after_selection_and_R_seal
bv_n16,bv,primary,quest32_p8,W,"[0,1,2,3,4,5]",bv,after_selection_and_R_seal
bv_n16,bv,primary,quest32_p1,W,"[0,1,2,3,4,5]",bv,after_selection_and_R_seal
bv_n16,bv,primary,numpy_f32_p1,W,"[0,1,2,3,4,5]",bv,after_selection_and_R_seal
bv_n18,bv,primary,upmem_f32,W,"[0,1,2,3,4,5]",bv,after_selection_and_R_seal
bv_n18,bv,primary,upmem_int8,W,"[0,1,2,3,4,5]",bv,after_selection_and_R_seal
bv_n18,bv,primary,quest32_p8,W,"[0,1,2,3,4,5]",bv,after_selection_and_R_seal
bv_n18,bv,primary,quest32_p1,W,"[0,1,2,3,4,5]",bv,after_selection_and_R_seal
bv_n18,bv,primary,numpy_f32_p1,W,"[0,1,2,3,4,5]",bv,after_selection_and_R_seal
bv_n20,bv,primary,upmem_f32,W,"[0,1,2,3,4,5]",bv,after_selection_and_R_seal
bv_n20,bv,primary,upmem_int8,W,"[0,1,2,3,4,5]",bv,after_selection_and_R_seal
bv_n20,bv,primary,quest32_p8,W,"[0,1,2,3,4,5]",bv,after_selection_and_R_seal
bv_n20,bv,primary,quest32_p1,W,"[0,1,2,3,4,5]",bv,after_selection_and_R_seal
bv_n20,bv,primary,numpy_f32_p1,W,"[0,1,2,3,4,5]",bv,after_selection_and_R_seal
bv_n22,bv,primary,upmem_f32,W,"[0,1,2,3,4,5]",bv,after_selection_and_R_seal
bv_n22,bv,primary,upmem_int8,W,"[0,1,2,3,4,5]",bv,after_selection_and_R_seal
bv_n22,bv,primary,quest32_p8,W,"[0,1,2,3,4,5]",bv,after_selection_and_R_seal
bv_n22,bv,primary,quest32_p1,W,"[0,1,2,3,4,5]",bv,after_selection_and_R_seal
bv_n22,bv,primary,numpy_f32_p1,W,"[0,1,2,3,4,5]",bv,after_selection_and_R_seal
bv_n24,bv,primary,upmem_f32,W,"[0,1,2,3,4,5]",bv,after_selection_and_R_seal
bv_n24,bv,primary,upmem_int8,W,"[0,1,2,3,4,5]",bv,after_selection_and_R_seal
bv_n24,bv,primary,quest32_p8,W,"[0,1,2,3,4,5]",bv,after_selection_and_R_seal
bv_n24,bv,primary,quest32_p1,W,"[0,1,2,3,4,5]",bv,after_selection_and_R_seal
bv_n24,bv,primary,numpy_f32_p1,W,"[0,1,2,3,4,5]",bv,after_selection_and_R_seal
bv_n26,bv,primary,upmem_f32,W,"[0,1,2,3,4,5]",bv,after_selection_and_R_seal
bv_n26,bv,primary,upmem_int8,W,"[0,1,2,3,4,5]",bv,after_selection_and_R_seal
bv_n26,bv,primary,quest32_p8,W,"[0,1,2,3,4,5]",bv,after_selection_and_R_seal
bv_n26,bv,primary,quest32_p1,W,"[0,1,2,3,4,5]",bv,after_selection_and_R_seal
bv_n26,bv,primary,numpy_f32_p1,W,"[0,1,2,3,4,5]",bv,after_selection_and_R_seal
edc_n07,edc,primary,upmem_f32,W,"[0,1,2,3,4,5]",edc,after_selection_and_R_seal
edc_n07,edc,primary,upmem_int8,W,"[0,1,2,3,4,5]",edc,after_selection_and_R_seal
edc_n07,edc,primary,quest32_p8,W,"[0,1,2,3,4,5]",edc,after_selection_and_R_seal
edc_n07,edc,primary,quest32_p1,W,"[0,1,2,3,4,5]",edc,after_selection_and_R_seal
edc_n07,edc,primary,numpy_f32_p1,W,"[0,1,2,3,4,5]",edc,after_selection_and_R_seal
edc_n11,edc,primary,upmem_f32,W,"[0,1,2,3,4,5]",edc,after_selection_and_R_seal
edc_n11,edc,primary,upmem_int8,W,"[0,1,2,3,4,5]",edc,after_selection_and_R_seal
edc_n11,edc,primary,quest32_p8,W,"[0,1,2,3,4,5]",edc,after_selection_and_R_seal
edc_n11,edc,primary,quest32_p1,W,"[0,1,2,3,4,5]",edc,after_selection_and_R_seal
edc_n11,edc,primary,numpy_f32_p1,W,"[0,1,2,3,4,5]",edc,after_selection_and_R_seal
edc_n15,edc,primary,upmem_f32,W,"[0,1,2,3,4,5]",edc,after_selection_and_R_seal
edc_n15,edc,primary,upmem_int8,W,"[0,1,2,3,4,5]",edc,after_selection_and_R_seal
edc_n15,edc,primary,quest32_p8,W,"[0,1,2,3,4,5]",edc,after_selection_and_R_seal
edc_n15,edc,primary,quest32_p1,W,"[0,1,2,3,4,5]",edc,after_selection_and_R_seal
edc_n15,edc,primary,numpy_f32_p1,W,"[0,1,2,3,4,5]",edc,after_selection_and_R_seal
edc_n17,edc,primary,upmem_f32,W,"[0,1,2,3,4,5]",edc,after_selection_and_R_seal
edc_n17,edc,primary,upmem_int8,W,"[0,1,2,3,4,5]",edc,after_selection_and_R_seal
edc_n17,edc,primary,quest32_p8,W,"[0,1,2,3,4,5]",edc,after_selection_and_R_seal
edc_n17,edc,primary,quest32_p1,W,"[0,1,2,3,4,5]",edc,after_selection_and_R_seal
edc_n17,edc,primary,numpy_f32_p1,W,"[0,1,2,3,4,5]",edc,after_selection_and_R_seal
edc_n19,edc,primary,upmem_f32,W,"[0,1,2,3,4,5]",edc,after_selection_and_R_seal
edc_n19,edc,primary,upmem_int8,W,"[0,1,2,3,4,5]",edc,after_selection_and_R_seal
edc_n19,edc,primary,quest32_p8,W,"[0,1,2,3,4,5]",edc,after_selection_and_R_seal
edc_n19,edc,primary,quest32_p1,W,"[0,1,2,3,4,5]",edc,after_selection_and_R_seal
edc_n19,edc,primary,numpy_f32_p1,W,"[0,1,2,3,4,5]",edc,after_selection_and_R_seal
edc_n21,edc,primary,upmem_f32,W,"[0,1,2,3,4,5]",edc,after_selection_and_R_seal
edc_n21,edc,primary,upmem_int8,W,"[0,1,2,3,4,5]",edc,after_selection_and_R_seal
edc_n21,edc,primary,quest32_p8,W,"[0,1,2,3,4,5]",edc,after_selection_and_R_seal
edc_n21,edc,primary,quest32_p1,W,"[0,1,2,3,4,5]",edc,after_selection_and_R_seal
edc_n21,edc,primary,numpy_f32_p1,W,"[0,1,2,3,4,5]",edc,after_selection_and_R_seal
edc_n23,edc,primary,upmem_f32,W,"[0,1,2,3,4,5]",edc,after_selection_and_R_seal
edc_n23,edc,primary,upmem_int8,W,"[0,1,2,3,4,5]",edc,after_selection_and_R_seal
edc_n23,edc,primary,quest32_p8,W,"[0,1,2,3,4,5]",edc,after_selection_and_R_seal
edc_n23,edc,primary,quest32_p1,W,"[0,1,2,3,4,5]",edc,after_selection_and_R_seal
edc_n23,edc,primary,numpy_f32_p1,W,"[0,1,2,3,4,5]",edc,after_selection_and_R_seal
edc_n25,edc,primary,upmem_f32,W,"[0,1,2,3,4,5]",edc,after_selection_and_R_seal
edc_n25,edc,primary,upmem_int8,W,"[0,1,2,3,4,5]",edc,after_selection_and_R_seal
edc_n25,edc,primary,quest32_p8,W,"[0,1,2,3,4,5]",edc,after_selection_and_R_seal
edc_n25,edc,primary,quest32_p1,W,"[0,1,2,3,4,5]",edc,after_selection_and_R_seal
edc_n25,edc,primary,numpy_f32_p1,W,"[0,1,2,3,4,5]",edc,after_selection_and_R_seal
hs_n08,hs,primary,upmem_f32,W,"[0,1,2,3,4,5]",hs,after_selection_and_R_seal
hs_n08,hs,primary,upmem_int8,W,"[0,1,2,3,4,5]",hs,after_selection_and_R_seal
hs_n08,hs,primary,quest32_p8,W,"[0,1,2,3,4,5]",hs,after_selection_and_R_seal
hs_n08,hs,primary,quest32_p1,W,"[0,1,2,3,4,5]",hs,after_selection_and_R_seal
hs_n08,hs,primary,numpy_f32_p1,W,"[0,1,2,3,4,5]",hs,after_selection_and_R_seal
hs_n12,hs,primary,upmem_f32,W,"[0,1,2,3,4,5]",hs,after_selection_and_R_seal
hs_n12,hs,primary,upmem_int8,W,"[0,1,2,3,4,5]",hs,after_selection_and_R_seal
hs_n12,hs,primary,quest32_p8,W,"[0,1,2,3,4,5]",hs,after_selection_and_R_seal
hs_n12,hs,primary,quest32_p1,W,"[0,1,2,3,4,5]",hs,after_selection_and_R_seal
hs_n12,hs,primary,numpy_f32_p1,W,"[0,1,2,3,4,5]",hs,after_selection_and_R_seal
hs_n16,hs,primary,upmem_f32,W,"[0,1,2,3,4,5]",hs,after_selection_and_R_seal
hs_n16,hs,primary,upmem_int8,W,"[0,1,2,3,4,5]",hs,after_selection_and_R_seal
hs_n16,hs,primary,quest32_p8,W,"[0,1,2,3,4,5]",hs,after_selection_and_R_seal
hs_n16,hs,primary,quest32_p1,W,"[0,1,2,3,4,5]",hs,after_selection_and_R_seal
hs_n16,hs,primary,numpy_f32_p1,W,"[0,1,2,3,4,5]",hs,after_selection_and_R_seal
hs_n18,hs,primary,upmem_f32,W,"[0,1,2,3,4,5]",hs,after_selection_and_R_seal
hs_n18,hs,primary,upmem_int8,W,"[0,1,2,3,4,5]",hs,after_selection_and_R_seal
hs_n18,hs,primary,quest32_p8,W,"[0,1,2,3,4,5]",hs,after_selection_and_R_seal
hs_n18,hs,primary,quest32_p1,W,"[0,1,2,3,4,5]",hs,after_selection_and_R_seal
hs_n18,hs,primary,numpy_f32_p1,W,"[0,1,2,3,4,5]",hs,after_selection_and_R_seal
hs_n20,hs,primary,upmem_f32,W,"[0,1,2,3,4,5]",hs,after_selection_and_R_seal
hs_n20,hs,primary,upmem_int8,W,"[0,1,2,3,4,5]",hs,after_selection_and_R_seal
hs_n20,hs,primary,quest32_p8,W,"[0,1,2,3,4,5]",hs,after_selection_and_R_seal
hs_n20,hs,primary,quest32_p1,W,"[0,1,2,3,4,5]",hs,after_selection_and_R_seal
hs_n20,hs,primary,numpy_f32_p1,W,"[0,1,2,3,4,5]",hs,after_selection_and_R_seal
hs_n22,hs,primary,upmem_f32,W,"[0,1,2,3,4,5]",hs,after_selection_and_R_seal
hs_n22,hs,primary,upmem_int8,W,"[0,1,2,3,4,5]",hs,after_selection_and_R_seal
hs_n22,hs,primary,quest32_p8,W,"[0,1,2,3,4,5]",hs,after_selection_and_R_seal
hs_n22,hs,primary,quest32_p1,W,"[0,1,2,3,4,5]",hs,after_selection_and_R_seal
hs_n22,hs,primary,numpy_f32_p1,W,"[0,1,2,3,4,5]",hs,after_selection_and_R_seal
hs_n24,hs,primary,upmem_f32,W,"[0,1,2,3,4,5]",hs,after_selection_and_R_seal
hs_n24,hs,primary,upmem_int8,W,"[0,1,2,3,4,5]",hs,after_selection_and_R_seal
hs_n24,hs,primary,quest32_p8,W,"[0,1,2,3,4,5]",hs,after_selection_and_R_seal
hs_n24,hs,primary,quest32_p1,W,"[0,1,2,3,4,5]",hs,after_selection_and_R_seal
hs_n24,hs,primary,numpy_f32_p1,W,"[0,1,2,3,4,5]",hs,after_selection_and_R_seal
hs_n26,hs,primary,upmem_f32,W,"[0,1,2,3,4,5]",hs,after_selection_and_R_seal
hs_n26,hs,primary,upmem_int8,W,"[0,1,2,3,4,5]",hs,after_selection_and_R_seal
hs_n26,hs,primary,quest32_p8,W,"[0,1,2,3,4,5]",hs,after_selection_and_R_seal
hs_n26,hs,primary,quest32_p1,W,"[0,1,2,3,4,5]",hs,after_selection_and_R_seal
hs_n26,hs,primary,numpy_f32_p1,W,"[0,1,2,3,4,5]",hs,after_selection_and_R_seal
qrng_n08,qrng,primary,upmem_f32,W,"[0,1,2,3,4,5]",qrng,after_selection_and_R_seal
qrng_n08,qrng,primary,upmem_int8,W,"[0,1,2,3,4,5]",qrng,after_selection_and_R_seal
qrng_n08,qrng,primary,quest32_p8,W,"[0,1,2,3,4,5]",qrng,after_selection_and_R_seal
qrng_n08,qrng,primary,quest32_p1,W,"[0,1,2,3,4,5]",qrng,after_selection_and_R_seal
qrng_n08,qrng,primary,numpy_f32_p1,W,"[0,1,2,3,4,5]",qrng,after_selection_and_R_seal
qrng_n12,qrng,primary,upmem_f32,W,"[0,1,2,3,4,5]",qrng,after_selection_and_R_seal
qrng_n12,qrng,primary,upmem_int8,W,"[0,1,2,3,4,5]",qrng,after_selection_and_R_seal
qrng_n12,qrng,primary,quest32_p8,W,"[0,1,2,3,4,5]",qrng,after_selection_and_R_seal
qrng_n12,qrng,primary,quest32_p1,W,"[0,1,2,3,4,5]",qrng,after_selection_and_R_seal
qrng_n12,qrng,primary,numpy_f32_p1,W,"[0,1,2,3,4,5]",qrng,after_selection_and_R_seal
qrng_n16,qrng,primary,upmem_f32,W,"[0,1,2,3,4,5]",qrng,after_selection_and_R_seal
qrng_n16,qrng,primary,upmem_int8,W,"[0,1,2,3,4,5]",qrng,after_selection_and_R_seal
qrng_n16,qrng,primary,quest32_p8,W,"[0,1,2,3,4,5]",qrng,after_selection_and_R_seal
qrng_n16,qrng,primary,quest32_p1,W,"[0,1,2,3,4,5]",qrng,after_selection_and_R_seal
qrng_n16,qrng,primary,numpy_f32_p1,W,"[0,1,2,3,4,5]",qrng,after_selection_and_R_seal
qrng_n18,qrng,primary,upmem_f32,W,"[0,1,2,3,4,5]",qrng,after_selection_and_R_seal
qrng_n18,qrng,primary,upmem_int8,W,"[0,1,2,3,4,5]",qrng,after_selection_and_R_seal
qrng_n18,qrng,primary,quest32_p8,W,"[0,1,2,3,4,5]",qrng,after_selection_and_R_seal
qrng_n18,qrng,primary,quest32_p1,W,"[0,1,2,3,4,5]",qrng,after_selection_and_R_seal
qrng_n18,qrng,primary,numpy_f32_p1,W,"[0,1,2,3,4,5]",qrng,after_selection_and_R_seal
qrng_n20,qrng,primary,upmem_f32,W,"[0,1,2,3,4,5]",qrng,after_selection_and_R_seal
qrng_n20,qrng,primary,upmem_int8,W,"[0,1,2,3,4,5]",qrng,after_selection_and_R_seal
qrng_n20,qrng,primary,quest32_p8,W,"[0,1,2,3,4,5]",qrng,after_selection_and_R_seal
qrng_n20,qrng,primary,quest32_p1,W,"[0,1,2,3,4,5]",qrng,after_selection_and_R_seal
qrng_n20,qrng,primary,numpy_f32_p1,W,"[0,1,2,3,4,5]",qrng,after_selection_and_R_seal
qrng_n22,qrng,primary,upmem_f32,W,"[0,1,2,3,4,5]",qrng,after_selection_and_R_seal
qrng_n22,qrng,primary,upmem_int8,W,"[0,1,2,3,4,5]",qrng,after_selection_and_R_seal
qrng_n22,qrng,primary,quest32_p8,W,"[0,1,2,3,4,5]",qrng,after_selection_and_R_seal
qrng_n22,qrng,primary,quest32_p1,W,"[0,1,2,3,4,5]",qrng,after_selection_and_R_seal
qrng_n22,qrng,primary,numpy_f32_p1,W,"[0,1,2,3,4,5]",qrng,after_selection_and_R_seal
qrng_n24,qrng,primary,upmem_f32,W,"[0,1,2,3,4,5]",qrng,after_selection_and_R_seal
qrng_n24,qrng,primary,upmem_int8,W,"[0,1,2,3,4,5]",qrng,after_selection_and_R_seal
qrng_n24,qrng,primary,quest32_p8,W,"[0,1,2,3,4,5]",qrng,after_selection_and_R_seal
qrng_n24,qrng,primary,quest32_p1,W,"[0,1,2,3,4,5]",qrng,after_selection_and_R_seal
qrng_n24,qrng,primary,numpy_f32_p1,W,"[0,1,2,3,4,5]",qrng,after_selection_and_R_seal
qrng_n26,qrng,primary,upmem_f32,W,"[0,1,2,3,4,5]",qrng,after_selection_and_R_seal
qrng_n26,qrng,primary,upmem_int8,W,"[0,1,2,3,4,5]",qrng,after_selection_and_R_seal
qrng_n26,qrng,primary,quest32_p8,W,"[0,1,2,3,4,5]",qrng,after_selection_and_R_seal
qrng_n26,qrng,primary,quest32_p1,W,"[0,1,2,3,4,5]",qrng,after_selection_and_R_seal
qrng_n26,qrng,primary,numpy_f32_p1,W,"[0,1,2,3,4,5]",qrng,after_selection_and_R_seal
stress_n08_l2,stress,supplementary,upmem_f32,S,"[0,1,2,3,4,5]",stress,after_selection_and_R_seal
stress_n08_l2,stress,supplementary,upmem_int8,S,"[0,1,2,3,4,5]",stress,after_selection_and_R_seal
stress_n08_l2,stress,supplementary,quest32_p8,S,"[0,1,2,3,4,5]",stress,after_selection_and_R_seal
stress_n08_l2,stress,supplementary,quest32_p1,S,"[0,1,2,3,4,5]",stress,after_selection_and_R_seal
stress_n08_l2,stress,supplementary,numpy_f32_p1,S,"[0,1,2,3,4,5]",stress,after_selection_and_R_seal
stress_n12_l2,stress,supplementary,upmem_f32,S,"[0,1,2,3,4,5]",stress,after_selection_and_R_seal
stress_n12_l2,stress,supplementary,upmem_int8,S,"[0,1,2,3,4,5]",stress,after_selection_and_R_seal
stress_n12_l2,stress,supplementary,quest32_p8,S,"[0,1,2,3,4,5]",stress,after_selection_and_R_seal
stress_n12_l2,stress,supplementary,quest32_p1,S,"[0,1,2,3,4,5]",stress,after_selection_and_R_seal
stress_n12_l2,stress,supplementary,numpy_f32_p1,S,"[0,1,2,3,4,5]",stress,after_selection_and_R_seal
stress_n16_l2,stress,supplementary,upmem_f32,S,"[0,1,2,3,4,5]",stress,after_selection_and_R_seal
stress_n16_l2,stress,supplementary,upmem_int8,S,"[0,1,2,3,4,5]",stress,after_selection_and_R_seal
stress_n16_l2,stress,supplementary,quest32_p8,S,"[0,1,2,3,4,5]",stress,after_selection_and_R_seal
stress_n16_l2,stress,supplementary,quest32_p1,S,"[0,1,2,3,4,5]",stress,after_selection_and_R_seal
stress_n16_l2,stress,supplementary,numpy_f32_p1,S,"[0,1,2,3,4,5]",stress,after_selection_and_R_seal
stress_n18_l2,stress,supplementary,upmem_f32,S,"[0,1,2,3,4,5]",stress,after_selection_and_R_seal
stress_n18_l2,stress,supplementary,upmem_int8,S,"[0,1,2,3,4,5]",stress,after_selection_and_R_seal
stress_n18_l2,stress,supplementary,quest32_p8,S,"[0,1,2,3,4,5]",stress,after_selection_and_R_seal
stress_n18_l2,stress,supplementary,quest32_p1,S,"[0,1,2,3,4,5]",stress,after_selection_and_R_seal
stress_n18_l2,stress,supplementary,numpy_f32_p1,S,"[0,1,2,3,4,5]",stress,after_selection_and_R_seal
xor_n08,xor,primary,upmem_f32,W,"[0,1,2,3,4,5]",xor,after_selection_and_R_seal
xor_n08,xor,primary,upmem_int8,W,"[0,1,2,3,4,5]",xor,after_selection_and_R_seal
xor_n08,xor,primary,quest32_p8,W,"[0,1,2,3,4,5]",xor,after_selection_and_R_seal
xor_n08,xor,primary,quest32_p1,W,"[0,1,2,3,4,5]",xor,after_selection_and_R_seal
xor_n08,xor,primary,numpy_f32_p1,W,"[0,1,2,3,4,5]",xor,after_selection_and_R_seal
xor_n12,xor,primary,upmem_f32,W,"[0,1,2,3,4,5]",xor,after_selection_and_R_seal
xor_n12,xor,primary,upmem_int8,W,"[0,1,2,3,4,5]",xor,after_selection_and_R_seal
xor_n12,xor,primary,quest32_p8,W,"[0,1,2,3,4,5]",xor,after_selection_and_R_seal
xor_n12,xor,primary,quest32_p1,W,"[0,1,2,3,4,5]",xor,after_selection_and_R_seal
xor_n12,xor,primary,numpy_f32_p1,W,"[0,1,2,3,4,5]",xor,after_selection_and_R_seal
xor_n16,xor,primary,upmem_f32,W,"[0,1,2,3,4,5]",xor,after_selection_and_R_seal
xor_n16,xor,primary,upmem_int8,W,"[0,1,2,3,4,5]",xor,after_selection_and_R_seal
xor_n16,xor,primary,quest32_p8,W,"[0,1,2,3,4,5]",xor,after_selection_and_R_seal
xor_n16,xor,primary,quest32_p1,W,"[0,1,2,3,4,5]",xor,after_selection_and_R_seal
xor_n16,xor,primary,numpy_f32_p1,W,"[0,1,2,3,4,5]",xor,after_selection_and_R_seal
xor_n18,xor,primary,upmem_f32,W,"[0,1,2,3,4,5]",xor,after_selection_and_R_seal
xor_n18,xor,primary,upmem_int8,W,"[0,1,2,3,4,5]",xor,after_selection_and_R_seal
xor_n18,xor,primary,quest32_p8,W,"[0,1,2,3,4,5]",xor,after_selection_and_R_seal
xor_n18,xor,primary,quest32_p1,W,"[0,1,2,3,4,5]",xor,after_selection_and_R_seal
xor_n18,xor,primary,numpy_f32_p1,W,"[0,1,2,3,4,5]",xor,after_selection_and_R_seal
xor_n20,xor,primary,upmem_f32,W,"[0,1,2,3,4,5]",xor,after_selection_and_R_seal
xor_n20,xor,primary,upmem_int8,W,"[0,1,2,3,4,5]",xor,after_selection_and_R_seal
xor_n20,xor,primary,quest32_p8,W,"[0,1,2,3,4,5]",xor,after_selection_and_R_seal
xor_n20,xor,primary,quest32_p1,W,"[0,1,2,3,4,5]",xor,after_selection_and_R_seal
xor_n20,xor,primary,numpy_f32_p1,W,"[0,1,2,3,4,5]",xor,after_selection_and_R_seal
xor_n22,xor,primary,upmem_f32,W,"[0,1,2,3,4,5]",xor,after_selection_and_R_seal
xor_n22,xor,primary,upmem_int8,W,"[0,1,2,3,4,5]",xor,after_selection_and_R_seal
xor_n22,xor,primary,quest32_p8,W,"[0,1,2,3,4,5]",xor,after_selection_and_R_seal
xor_n22,xor,primary,quest32_p1,W,"[0,1,2,3,4,5]",xor,after_selection_and_R_seal
xor_n22,xor,primary,numpy_f32_p1,W,"[0,1,2,3,4,5]",xor,after_selection_and_R_seal
xor_n24,xor,primary,upmem_f32,W,"[0,1,2,3,4,5]",xor,after_selection_and_R_seal
xor_n24,xor,primary,upmem_int8,W,"[0,1,2,3,4,5]",xor,after_selection_and_R_seal
xor_n24,xor,primary,quest32_p8,W,"[0,1,2,3,4,5]",xor,after_selection_and_R_seal
xor_n24,xor,primary,quest32_p1,W,"[0,1,2,3,4,5]",xor,after_selection_and_R_seal
xor_n24,xor,primary,numpy_f32_p1,W,"[0,1,2,3,4,5]",xor,after_selection_and_R_seal
xor_n26,xor,primary,upmem_f32,W,"[0,1,2,3,4,5]",xor,after_selection_and_R_seal
xor_n26,xor,primary,upmem_int8,W,"[0,1,2,3,4,5]",xor,after_selection_and_R_seal
xor_n26,xor,primary,quest32_p8,W,"[0,1,2,3,4,5]",xor,after_selection_and_R_seal
xor_n26,xor,primary,quest32_p1,W,"[0,1,2,3,4,5]",xor,after_selection_and_R_seal
xor_n26,xor,primary,numpy_f32_p1,W,"[0,1,2,3,4,5]",xor,after_selection_and_R_seal
