configuration_id,arm,fixture_id
0614d89b69a0cbbb1eeec6e51841ad485b9173655a84e785f5238aaf580fe6b6,"{""backend"":""upmem"",""dpus"":1,""fuse"":false,""geometry"":""panel_only_v1"",""policy"":""split_complex_float32_v1"",""rank_count"":1,""schedule"":""serial_nodes_v1"",""tasklets"":10,""threads"":1,""transport"":""packed_wave_v1""}",qual_hs_n04
0614d89b69a0cbbb1eeec6e51841ad485b9173655a84e785f5238aaf580fe6b6,"{""backend"":""upmem"",""dpus"":1,""fuse"":false,""geometry"":""panel_only_v1"",""policy"":""split_complex_float32_v1"",""rank_count"":1,""schedule"":""serial_nodes_v1"",""tasklets"":10,""threads"":1,""transport"":""packed_wave_v1""}",qual_stress_n04_l2
13dfb0a64a7fe1ecb0cd2af6647a7c147ba7218cfc037024ab082b5f42ffbfbe,"{""backend"":""upmem"",""dpus"":4,""fuse"":true,""geometry"":""panel_only_v1"",""policy"":""split_complex_float32_v1"",""rank_count"":1,""schedule"":""serial_nodes_v1"",""tasklets"":8,""threads"":1,""transport"":""packed_wave_v1""}",qual_hs_n04
13dfb0a64a7fe1ecb0cd2af6647a7c147ba7218cfc037024ab082b5f42ffbfbe,"{""backend"":""upmem"",""dpus"":4,""fuse"":true,""geometry"":""panel_only_v1"",""policy"":""split_complex_float32_v1"",""rank_count"":1,""schedule"":""serial_nodes_v1"",""tasklets"":8,""threads"":1,""transport"":""packed_wave_v1""}",qual_stress_n04_l2
14aec505d4de73636d673ab51471bc242f33036ec2efc3e15a4d99764794c575,"{""backend"":""upmem"",""dpus"":16,""fuse"":true,""geometry"":""panel_only_v1"",""policy"":""complex_int8_shared_scale_v1"",""rank_count"":1,""schedule"":""static_dag_waves_v1"",""tasklets"":8,""threads"":1,""transport"":""packed_wave_v1""}",qual_hs_n04
14aec505d4de73636d673ab51471bc242f33036ec2efc3e15a4d99764794c575,"{""backend"":""upmem"",""dpus"":16,""fuse"":true,""geometry"":""panel_only_v1"",""policy"":""complex_int8_shared_scale_v1"",""rank_count"":1,""schedule"":""static_dag_waves_v1"",""tasklets"":8,""threads"":1,""transport"":""packed_wave_v1""}",qual_stress_n04_l2
17efa4701a2575a143430a077acd661f07698cd149f7bb987262cfeee98b8253,"{""backend"":""upmem"",""dpus"":1,""fuse"":true,""geometry"":""panel_only_v1"",""policy"":""complex_int8_shared_scale_v1"",""rank_count"":1,""schedule"":""static_dag_waves_v1"",""tasklets"":8,""threads"":1,""transport"":""packed_wave_v1""}",qual_hs_n04
17efa4701a2575a143430a077acd661f07698cd149f7bb987262cfeee98b8253,"{""backend"":""upmem"",""dpus"":1,""fuse"":true,""geometry"":""panel_only_v1"",""policy"":""complex_int8_shared_scale_v1"",""rank_count"":1,""schedule"":""static_dag_waves_v1"",""tasklets"":8,""threads"":1,""transport"":""packed_wave_v1""}",qual_stress_n04_l2
20c8045b6a202d1fd25525e162bc7e46452b3b39764438e593af95652f3df5a7,"{""backend"":""upmem"",""dpus"":1,""fuse"":false,""geometry"":""panel_only_v1"",""policy"":""split_complex_float32_v1"",""rank_count"":1,""schedule"":""serial_nodes_v1"",""tasklets"":19,""threads"":1,""transport"":""packed_wave_v1""}",qual_hs_n04
20c8045b6a202d1fd25525e162bc7e46452b3b39764438e593af95652f3df5a7,"{""backend"":""upmem"",""dpus"":1,""fuse"":false,""geometry"":""panel_only_v1"",""policy"":""split_complex_float32_v1"",""rank_count"":1,""schedule"":""serial_nodes_v1"",""tasklets"":19,""threads"":1,""transport"":""packed_wave_v1""}",qual_stress_n04_l2
26d383578cf3bdc75d6e47da6e0024efb05ac8a55653eda872e3df3a1ac2cbba,"{""backend"":""upmem"",""dpus"":2,""fuse"":true,""geometry"":""panel_only_v1"",""policy"":""split_complex_float32_v1"",""rank_count"":1,""schedule"":""static_dag_waves_v1"",""tasklets"":24,""threads"":1,""transport"":""packed_wave_v1""}",qual_hs_n04
26d383578cf3bdc75d6e47da6e0024efb05ac8a55653eda872e3df3a1ac2cbba,"{""backend"":""upmem"",""dpus"":2,""fuse"":true,""geometry"":""panel_only_v1"",""policy"":""split_complex_float32_v1"",""rank_count"":1,""schedule"":""static_dag_waves_v1"",""tasklets"":24,""threads"":1,""transport"":""packed_wave_v1""}",qual_stress_n04_l2
27b62e57038c9a28dce9f5844c37556b2808dc892f3a5401afe82eba05fa54ed,"{""backend"":""upmem"",""dpus"":16,""fuse"":true,""geometry"":""panel_only_v1"",""policy"":""complex_int8_shared_scale_v1"",""rank_count"":1,""schedule"":""static_dag_waves_v1"",""tasklets"":24,""threads"":1,""transport"":""packed_wave_v1""}",qual_hs_n04
27b62e57038c9a28dce9f5844c37556b2808dc892f3a5401afe82eba05fa54ed,"{""backend"":""upmem"",""dpus"":16,""fuse"":true,""geometry"":""panel_only_v1"",""policy"":""complex_int8_shared_scale_v1"",""rank_count"":1,""schedule"":""static_dag_waves_v1"",""tasklets"":24,""threads"":1,""transport"":""packed_wave_v1""}",qual_stress_n04_l2
29481df23b1b357717368d6284c913f33919ba722596e0c03fdf057ced715fa8,"{""backend"":""upmem"",""dpus"":16,""fuse"":true,""geometry"":""panel_only_v1"",""policy"":""split_complex_float32_v1"",""rank_count"":1,""schedule"":""static_dag_waves_v1"",""tasklets"":8,""threads"":1,""transport"":""packed_wave_v1""}",qual_hs_n04
29481df23b1b357717368d6284c913f33919ba722596e0c03fdf057ced715fa8,"{""backend"":""upmem"",""dpus"":16,""fuse"":true,""geometry"":""panel_only_v1"",""policy"":""split_complex_float32_v1"",""rank_count"":1,""schedule"":""static_dag_waves_v1"",""tasklets"":8,""threads"":1,""transport"":""packed_wave_v1""}",qual_stress_n04_l2
2b8e4a9cc20bd089c1aa3301ef04b0d6323d92429ecfb0225019eb4ebb909369,"{""backend"":""upmem"",""dpus"":1,""fuse"":false,""geometry"":""panel_only_v1"",""policy"":""split_complex_float32_v1"",""rank_count"":1,""schedule"":""serial_nodes_v1"",""tasklets"":3,""threads"":1,""transport"":""packed_wave_v1""}",qual_hs_n04
2b8e4a9cc20bd089c1aa3301ef04b0d6323d92429ecfb0225019eb4ebb909369,"{""backend"":""upmem"",""dpus"":1,""fuse"":false,""geometry"":""panel_only_v1"",""policy"":""split_complex_float32_v1"",""rank_count"":1,""schedule"":""serial_nodes_v1"",""tasklets"":3,""threads"":1,""transport"":""packed_wave_v1""}",qual_stress_n04_l2
2fa411127cd5d818380604c2b191da4707d8a8f733bc834e8991b59f3dd5e897,"{""backend"":""upmem"",""dpus"":8,""fuse"":true,""geometry"":""panel_only_v1"",""policy"":""complex_int8_shared_scale_v1"",""rank_count"":1,""schedule"":""static_dag_waves_v1"",""tasklets"":8,""threads"":1,""transport"":""packed_wave_v1""}",qual_hs_n04
2fa411127cd5d818380604c2b191da4707d8a8f733bc834e8991b59f3dd5e897,"{""backend"":""upmem"",""dpus"":8,""fuse"":true,""geometry"":""panel_only_v1"",""policy"":""complex_int8_shared_scale_v1"",""rank_count"":1,""schedule"":""static_dag_waves_v1"",""tasklets"":8,""threads"":1,""transport"":""packed_wave_v1""}",qual_stress_n04_l2
304a8dfac62b65c63a65cc648c99e36178312daebe5c835400ae9691934d9eb5,"{""backend"":""upmem"",""dpus"":1,""fuse"":false,""geometry"":""panel_only_v1"",""policy"":""split_complex_float32_v1"",""rank_count"":1,""schedule"":""serial_nodes_v1"",""tasklets"":12,""threads"":1,""transport"":""packed_wave_v1""}",qual_hs_n04
304a8dfac62b65c63a65cc648c99e36178312daebe5c835400ae9691934d9eb5,"{""backend"":""upmem"",""dpus"":1,""fuse"":false,""geometry"":""panel_only_v1"",""policy"":""split_complex_float32_v1"",""rank_count"":1,""schedule"":""serial_nodes_v1"",""tasklets"":12,""threads"":1,""transport"":""packed_wave_v1""}",qual_stress_n04_l2
31267b1192f6bcfe73c728283c5361e8c403cf0d03d4bc0d1a81e912c3542b70,"{""backend"":""upmem"",""dpus"":1,""fuse"":false,""geometry"":""panel_only_v1"",""policy"":""split_complex_float32_v1"",""rank_count"":1,""schedule"":""serial_nodes_v1"",""tasklets"":17,""threads"":1,""transport"":""packed_wave_v1""}",qual_hs_n04
31267b1192f6bcfe73c728283c5361e8c403cf0d03d4bc0d1a81e912c3542b70,"{""backend"":""upmem"",""dpus"":1,""fuse"":false,""geometry"":""panel_only_v1"",""policy"":""split_complex_float32_v1"",""rank_count"":1,""schedule"":""serial_nodes_v1"",""tasklets"":17,""threads"":1,""transport"":""packed_wave_v1""}",qual_stress_n04_l2
331b392a1c3d586bc3d3a4517fd58a67161c6af5a439dd8bcd117b95b5116c45,"{""backend"":""upmem"",""dpus"":32,""fuse"":true,""geometry"":""panel_only_v1"",""policy"":""complex_int8_shared_scale_v1"",""rank_count"":1,""schedule"":""static_dag_waves_v1"",""tasklets"":24,""threads"":1,""transport"":""packed_wave_v1""}",qual_hs_n04
331b392a1c3d586bc3d3a4517fd58a67161c6af5a439dd8bcd117b95b5116c45,"{""backend"":""upmem"",""dpus"":32,""fuse"":true,""geometry"":""panel_only_v1"",""policy"":""complex_int8_shared_scale_v1"",""rank_count"":1,""schedule"":""static_dag_waves_v1"",""tasklets"":24,""threads"":1,""transport"":""packed_wave_v1""}",qual_stress_n04_l2
3872eb5801c4ed1caf76d52c86eaeb5d01128bb9b7f41dc2a4a1b6e7b6582d5a,"{""backend"":""upmem"",""dpus"":1,""fuse"":true,""geometry"":""panel_only_v1"",""policy"":""split_complex_float32_v1"",""rank_count"":1,""schedule"":""static_dag_waves_v1"",""tasklets"":8,""threads"":1,""transport"":""packed_wave_v1""}",qual_hs_n04
3872eb5801c4ed1caf76d52c86eaeb5d01128bb9b7f41dc2a4a1b6e7b6582d5a,"{""backend"":""upmem"",""dpus"":1,""fuse"":true,""geometry"":""panel_only_v1"",""policy"":""split_complex_float32_v1"",""rank_count"":1,""schedule"":""static_dag_waves_v1"",""tasklets"":8,""threads"":1,""transport"":""packed_wave_v1""}",qual_stress_n04_l2
3ba097dc4b13b98c1e69c047ab63ddec6e826a4dcac84fb4fa8b81e272e78f84,"{""backend"":""upmem"",""dpus"":1,""fuse"":false,""geometry"":""panel_only_v1"",""policy"":""split_complex_float32_v1"",""rank_count"":1,""schedule"":""serial_nodes_v1"",""tasklets"":16,""threads"":1,""transport"":""packed_wave_v1""}",qual_hs_n04
3ba097dc4b13b98c1e69c047ab63ddec6e826a4dcac84fb4fa8b81e272e78f84,"{""backend"":""upmem"",""dpus"":1,""fuse"":false,""geometry"":""panel_only_v1"",""policy"":""split_complex_float32_v1"",""rank_count"":1,""schedule"":""serial_nodes_v1"",""tasklets"":16,""threads"":1,""transport"":""packed_wave_v1""}",qual_stress_n04_l2
41a81d7925a3c66646b16df3f8f555878fed40a48542a39146597d62c3e210f9,"{""backend"":""upmem"",""dpus"":1,""fuse"":false,""geometry"":""panel_only_v1"",""policy"":""split_complex_float32_v1"",""rank_count"":1,""schedule"":""serial_nodes_v1"",""tasklets"":13,""threads"":1,""transport"":""packed_wave_v1""}",qual_hs_n04
41a81d7925a3c66646b16df3f8f555878fed40a48542a39146597d62c3e210f9,"{""backend"":""upmem"",""dpus"":1,""fuse"":false,""geometry"":""panel_only_v1"",""policy"":""split_complex_float32_v1"",""rank_count"":1,""schedule"":""serial_nodes_v1"",""tasklets"":13,""threads"":1,""transport"":""packed_wave_v1""}",qual_stress_n04_l2
46b9da7ab5f820bd2c2c60ccce1213119fc7130826ccef930cd7992522430b23,"{""backend"":""upmem"",""dpus"":4,""fuse"":true,""geometry"":""panel_only_v1"",""policy"":""split_complex_float32_v1"",""rank_count"":1,""schedule"":""static_dag_waves_v1"",""tasklets"":8,""threads"":1,""transport"":""packed_wave_v1""}",qual_hs_n04
46b9da7ab5f820bd2c2c60ccce1213119fc7130826ccef930cd7992522430b23,"{""backend"":""upmem"",""dpus"":4,""fuse"":true,""geometry"":""panel_only_v1"",""policy"":""split_complex_float32_v1"",""rank_count"":1,""schedule"":""static_dag_waves_v1"",""tasklets"":8,""threads"":1,""transport"":""packed_wave_v1""}",qual_stress_n04_l2
4de752cd20a626fb5d38c84cd24596f0ac892f43c0338e45c812e3495a28786d,"{""backend"":""upmem"",""dpus"":1,""fuse"":false,""geometry"":""panel_only_v1"",""policy"":""split_complex_float32_v1"",""rank_count"":1,""schedule"":""serial_nodes_v1"",""tasklets"":2,""threads"":1,""transport"":""packed_wave_v1""}",qual_hs_n04
4de752cd20a626fb5d38c84cd24596f0ac892f43c0338e45c812e3495a28786d,"{""backend"":""upmem"",""dpus"":1,""fuse"":false,""geometry"":""panel_only_v1"",""policy"":""split_complex_float32_v1"",""rank_count"":1,""schedule"":""serial_nodes_v1"",""tasklets"":2,""threads"":1,""transport"":""packed_wave_v1""}",qual_stress_n04_l2
500337d491059f285a742b22fc3410f6a578fd63dc4d0f52030103cab63ec015,"{""backend"":""upmem"",""dpus"":1,""fuse"":false,""geometry"":""panel_only_v1"",""policy"":""split_complex_float32_v1"",""rank_count"":1,""schedule"":""serial_nodes_v1"",""tasklets"":21,""threads"":1,""transport"":""packed_wave_v1""}",qual_hs_n04
500337d491059f285a742b22fc3410f6a578fd63dc4d0f52030103cab63ec015,"{""backend"":""upmem"",""dpus"":1,""fuse"":false,""geometry"":""panel_only_v1"",""policy"":""split_complex_float32_v1"",""rank_count"":1,""schedule"":""serial_nodes_v1"",""tasklets"":21,""threads"":1,""transport"":""packed_wave_v1""}",qual_stress_n04_l2
5a62bf542200bf710caf573838f36d0fd198d6636aa7b6c50f42d3572bc51473,"{""backend"":""upmem"",""dpus"":32,""fuse"":true,""geometry"":""panel_only_v1"",""policy"":""complex_int8_shared_scale_v1"",""rank_count"":1,""schedule"":""static_dag_waves_v1"",""tasklets"":8,""threads"":1,""transport"":""packed_wave_v1""}",qual_hs_n04
5a62bf542200bf710caf573838f36d0fd198d6636aa7b6c50f42d3572bc51473,"{""backend"":""upmem"",""dpus"":32,""fuse"":true,""geometry"":""panel_only_v1"",""policy"":""complex_int8_shared_scale_v1"",""rank_count"":1,""schedule"":""static_dag_waves_v1"",""tasklets"":8,""threads"":1,""transport"":""packed_wave_v1""}",qual_stress_n04_l2
5a76deaf2578d66a1ed475a0625c79ecc46b434a603602a26254e6c5fdee642e,"{""backend"":""upmem"",""dpus"":4,""fuse"":true,""geometry"":""panel_only_v1"",""policy"":""split_complex_float32_v1"",""rank_count"":1,""schedule"":""static_dag_waves_v1"",""tasklets"":24,""threads"":1,""transport"":""packed_wave_v1""}",qual_hs_n04
5a76deaf2578d66a1ed475a0625c79ecc46b434a603602a26254e6c5fdee642e,"{""backend"":""upmem"",""dpus"":4,""fuse"":true,""geometry"":""panel_only_v1"",""policy"":""split_complex_float32_v1"",""rank_count"":1,""schedule"":""static_dag_waves_v1"",""tasklets"":24,""threads"":1,""transport"":""packed_wave_v1""}",qual_stress_n04_l2
61fb5254f03558c44f72d70c7e3bd0b449e30cc4b75fdeec49262f5580b6c5fe,"{""backend"":""upmem"",""dpus"":1,""fuse"":true,""geometry"":""panel_only_v1"",""policy"":""split_complex_float32_v1"",""rank_count"":1,""schedule"":""static_dag_waves_v1"",""tasklets"":24,""threads"":1,""transport"":""packed_wave_v1""}",qual_hs_n04
61fb5254f03558c44f72d70c7e3bd0b449e30cc4b75fdeec49262f5580b6c5fe,"{""backend"":""upmem"",""dpus"":1,""fuse"":true,""geometry"":""panel_only_v1"",""policy"":""split_complex_float32_v1"",""rank_count"":1,""schedule"":""static_dag_waves_v1"",""tasklets"":24,""threads"":1,""transport"":""packed_wave_v1""}",qual_stress_n04_l2
62a47992f9fc9f3bd2e91d1bd0a864752984aec3313515cc8e4a9d9ad0bd081b,"{""backend"":""upmem"",""dpus"":1,""fuse"":false,""geometry"":""panel_only_v1"",""policy"":""split_complex_float32_v1"",""rank_count"":1,""schedule"":""serial_nodes_v1"",""tasklets"":23,""threads"":1,""transport"":""packed_wave_v1""}",qual_hs_n04
62a47992f9fc9f3bd2e91d1bd0a864752984aec3313515cc8e4a9d9ad0bd081b,"{""backend"":""upmem"",""dpus"":1,""fuse"":false,""geometry"":""panel_only_v1"",""policy"":""split_complex_float32_v1"",""rank_count"":1,""schedule"":""serial_nodes_v1"",""tasklets"":23,""threads"":1,""transport"":""packed_wave_v1""}",qual_stress_n04_l2
6e3d096bf26fc5d85f31f1670950563229bc62e50027c58f94c155d639b8b8c1,"{""backend"":""upmem"",""dpus"":1,""fuse"":false,""geometry"":""panel_only_v1"",""policy"":""split_complex_float32_v1"",""rank_count"":1,""schedule"":""serial_nodes_v1"",""tasklets"":24,""threads"":1,""transport"":""packed_wave_v1""}",qual_hs_n04
6e3d096bf26fc5d85f31f1670950563229bc62e50027c58f94c155d639b8b8c1,"{""backend"":""upmem"",""dpus"":1,""fuse"":false,""geometry"":""panel_only_v1"",""policy"":""split_complex_float32_v1"",""rank_count"":1,""schedule"":""serial_nodes_v1"",""tasklets"":24,""threads"":1,""transport"":""packed_wave_v1""}",qual_stress_n04_l2
77bb0e5533e4128656aac8f402022ace8ed38c374b3efac36f8111d0000cd588,"{""backend"":""upmem"",""dpus"":32,""fuse"":true,""geometry"":""panel_only_v1"",""policy"":""split_complex_float32_v1"",""rank_count"":1,""schedule"":""static_dag_waves_v1"",""tasklets"":8,""threads"":1,""transport"":""packed_wave_v1""}",qual_hs_n04
77bb0e5533e4128656aac8f402022ace8ed38c374b3efac36f8111d0000cd588,"{""backend"":""upmem"",""dpus"":32,""fuse"":true,""geometry"":""panel_only_v1"",""policy"":""split_complex_float32_v1"",""rank_count"":1,""schedule"":""static_dag_waves_v1"",""tasklets"":8,""threads"":1,""transport"":""packed_wave_v1""}",qual_stress_n04_l2
7f1d4a33ef36c6275faf29ecea97c8f4794e54748f6e4607e72c16cf07990c4f,"{""backend"":""upmem"",""dpus"":1,""fuse"":false,""geometry"":""panel_only_v1"",""policy"":""split_complex_float32_v1"",""rank_count"":1,""schedule"":""serial_nodes_v1"",""tasklets"":6,""threads"":1,""transport"":""packed_wave_v1""}",qual_hs_n04
7f1d4a33ef36c6275faf29ecea97c8f4794e54748f6e4607e72c16cf07990c4f,"{""backend"":""upmem"",""dpus"":1,""fuse"":false,""geometry"":""panel_only_v1"",""policy"":""split_complex_float32_v1"",""rank_count"":1,""schedule"":""serial_nodes_v1"",""tasklets"":6,""threads"":1,""transport"":""packed_wave_v1""}",qual_stress_n04_l2
828f0ad95ec8d00d9d3dba73c6a3057d822b8f90f1014a9a96d1c83681eb953d,"{""backend"":""upmem"",""dpus"":1,""fuse"":false,""geometry"":""panel_only_v1"",""policy"":""split_complex_float32_v1"",""rank_count"":1,""schedule"":""serial_nodes_v1"",""tasklets"":22,""threads"":1,""transport"":""packed_wave_v1""}",qual_hs_n04
828f0ad95ec8d00d9d3dba73c6a3057d822b8f90f1014a9a96d1c83681eb953d,"{""backend"":""upmem"",""dpus"":1,""fuse"":false,""geometry"":""panel_only_v1"",""policy"":""split_complex_float32_v1"",""rank_count"":1,""schedule"":""serial_nodes_v1"",""tasklets"":22,""threads"":1,""transport"":""packed_wave_v1""}",qual_stress_n04_l2
86f9df65db57e6eb4df0dcaf1dc9f1245f0cb441d05199cbf652ea45b9f2cd43,"{""backend"":""upmem"",""dpus"":1,""fuse"":false,""geometry"":""panel_only_v1"",""policy"":""split_complex_float32_v1"",""rank_count"":1,""schedule"":""serial_nodes_v1"",""tasklets"":5,""threads"":1,""transport"":""packed_wave_v1""}",qual_hs_n04
86f9df65db57e6eb4df0dcaf1dc9f1245f0cb441d05199cbf652ea45b9f2cd43,"{""backend"":""upmem"",""dpus"":1,""fuse"":false,""geometry"":""panel_only_v1"",""policy"":""split_complex_float32_v1"",""rank_count"":1,""schedule"":""serial_nodes_v1"",""tasklets"":5,""threads"":1,""transport"":""packed_wave_v1""}",qual_stress_n04_l2
8880c53b3a27d74ecc95016a53311eb9d495eecb2968a9189fc6e0d7019acba0,"{""backend"":""upmem"",""dpus"":8,""fuse"":true,""geometry"":""panel_only_v1"",""policy"":""split_complex_float32_v1"",""rank_count"":1,""schedule"":""static_dag_waves_v1"",""tasklets"":24,""threads"":1,""transport"":""packed_wave_v1""}",qual_hs_n04
8880c53b3a27d74ecc95016a53311eb9d495eecb2968a9189fc6e0d7019acba0,"{""backend"":""upmem"",""dpus"":8,""fuse"":true,""geometry"":""panel_only_v1"",""policy"":""split_complex_float32_v1"",""rank_count"":1,""schedule"":""static_dag_waves_v1"",""tasklets"":24,""threads"":1,""transport"":""packed_wave_v1""}",qual_stress_n04_l2
8b892f357816dd1534b7d64a9b941d6f3ca582200ce7b19a338c16c57be83d61,"{""backend"":""upmem"",""dpus"":1,""fuse"":false,""geometry"":""panel_only_v1"",""policy"":""split_complex_float32_v1"",""rank_count"":1,""schedule"":""serial_nodes_v1"",""tasklets"":11,""threads"":1,""transport"":""packed_wave_v1""}",qual_hs_n04
8b892f357816dd1534b7d64a9b941d6f3ca582200ce7b19a338c16c57be83d61,"{""backend"":""upmem"",""dpus"":1,""fuse"":false,""geometry"":""panel_only_v1"",""policy"":""split_complex_float32_v1"",""rank_count"":1,""schedule"":""serial_nodes_v1"",""tasklets"":11,""threads"":1,""transport"":""packed_wave_v1""}",qual_stress_n04_l2
8d3e6a2dcb9e27817d946a007935c4c6ab5423325451eb368683fa777b1a339a,"{""backend"":""upmem"",""dpus"":64,""fuse"":true,""geometry"":""panel_only_v1"",""policy"":""split_complex_float32_v1"",""rank_count"":1,""schedule"":""static_dag_waves_v1"",""tasklets"":8,""threads"":1,""transport"":""packed_wave_v1""}",qual_hs_n04
8d3e6a2dcb9e27817d946a007935c4c6ab5423325451eb368683fa777b1a339a,"{""backend"":""upmem"",""dpus"":64,""fuse"":true,""geometry"":""panel_only_v1"",""policy"":""split_complex_float32_v1"",""rank_count"":1,""schedule"":""static_dag_waves_v1"",""tasklets"":8,""threads"":1,""transport"":""packed_wave_v1""}",qual_stress_n04_l2
8f264bbaceb3844a8c64d6553fc1e34155c39e3e1d2d50e7623a5167b050e5bf,"{""backend"":""upmem"",""dpus"":1,""fuse"":false,""geometry"":""panel_only_v1"",""policy"":""split_complex_float32_v1"",""rank_count"":1,""schedule"":""serial_nodes_v1"",""tasklets"":15,""threads"":1,""transport"":""packed_wave_v1""}",qual_hs_n04
8f264bbaceb3844a8c64d6553fc1e34155c39e3e1d2d50e7623a5167b050e5bf,"{""backend"":""upmem"",""dpus"":1,""fuse"":false,""geometry"":""panel_only_v1"",""policy"":""split_complex_float32_v1"",""rank_count"":1,""schedule"":""serial_nodes_v1"",""tasklets"":15,""threads"":1,""transport"":""packed_wave_v1""}",qual_stress_n04_l2
92febbd4632ceab2bec407fe745fbb2ebdbfc1ffa366f1d7e181646233878a2d,"{""backend"":""upmem"",""dpus"":1,""fuse"":false,""geometry"":""panel_only_v1"",""policy"":""split_complex_float32_v1"",""rank_count"":1,""schedule"":""serial_nodes_v1"",""tasklets"":9,""threads"":1,""transport"":""packed_wave_v1""}",qual_hs_n04
92febbd4632ceab2bec407fe745fbb2ebdbfc1ffa366f1d7e181646233878a2d,"{""backend"":""upmem"",""dpus"":1,""fuse"":false,""geometry"":""panel_only_v1"",""policy"":""split_complex_float32_v1"",""rank_count"":1,""schedule"":""serial_nodes_v1"",""tasklets"":9,""threads"":1,""transport"":""packed_wave_v1""}",qual_stress_n04_l2
9325ee6b03e0b53c415f282743785873b0ac01f1e38f8668bdf832fa84e3b409,"{""backend"":""upmem"",""dpus"":1,""fuse"":false,""geometry"":""panel_only_v1"",""policy"":""split_complex_float32_v1"",""rank_count"":1,""schedule"":""serial_nodes_v1"",""tasklets"":8,""threads"":1,""transport"":""packed_wave_v1""}",qual_hs_n04
9325ee6b03e0b53c415f282743785873b0ac01f1e38f8668bdf832fa84e3b409,"{""backend"":""upmem"",""dpus"":1,""fuse"":false,""geometry"":""panel_only_v1"",""policy"":""split_complex_float32_v1"",""rank_count"":1,""schedule"":""serial_nodes_v1"",""tasklets"":8,""threads"":1,""transport"":""packed_wave_v1""}",qual_stress_n04_l2
9a6d965782f0731bef50d9ee08d96e87c4a18f101ffdd4cc95238780f6c8e2ca,"{""backend"":""upmem"",""dpus"":64,""fuse"":true,""geometry"":""panel_only_v1"",""policy"":""complex_int8_shared_scale_v1"",""rank_count"":1,""schedule"":""static_dag_waves_v1"",""tasklets"":8,""threads"":1,""transport"":""packed_wave_v1""}",qual_hs_n04
9a6d965782f0731bef50d9ee08d96e87c4a18f101ffdd4cc95238780f6c8e2ca,"{""backend"":""upmem"",""dpus"":64,""fuse"":true,""geometry"":""panel_only_v1"",""policy"":""complex_int8_shared_scale_v1"",""rank_count"":1,""schedule"":""static_dag_waves_v1"",""tasklets"":8,""threads"":1,""transport"":""packed_wave_v1""}",qual_stress_n04_l2
9ad7d5be40d378786e819ea767295ef2ca7b0340441bb7ac21ad6d0d43d6ae2b,"{""backend"":""upmem"",""dpus"":4,""fuse"":true,""geometry"":""panel_only_v1"",""policy"":""complex_int8_shared_scale_v1"",""rank_count"":1,""schedule"":""static_dag_waves_v1"",""tasklets"":8,""threads"":1,""transport"":""packed_wave_v1""}",qual_hs_n04
9ad7d5be40d378786e819ea767295ef2ca7b0340441bb7ac21ad6d0d43d6ae2b,"{""backend"":""upmem"",""dpus"":4,""fuse"":true,""geometry"":""panel_only_v1"",""policy"":""complex_int8_shared_scale_v1"",""rank_count"":1,""schedule"":""static_dag_waves_v1"",""tasklets"":8,""threads"":1,""transport"":""packed_wave_v1""}",qual_stress_n04_l2
b25102eb1206025c37693d4568170e6fe4c3ea6ce479debe1c96bd1799124c16,"{""backend"":""upmem"",""dpus"":64,""fuse"":true,""geometry"":""panel_only_v1"",""policy"":""split_complex_float32_v1"",""rank_count"":1,""schedule"":""static_dag_waves_v1"",""tasklets"":24,""threads"":1,""transport"":""packed_wave_v1""}",qual_hs_n04
b25102eb1206025c37693d4568170e6fe4c3ea6ce479debe1c96bd1799124c16,"{""backend"":""upmem"",""dpus"":64,""fuse"":true,""geometry"":""panel_only_v1"",""policy"":""split_complex_float32_v1"",""rank_count"":1,""schedule"":""static_dag_waves_v1"",""tasklets"":24,""threads"":1,""transport"":""packed_wave_v1""}",qual_stress_n04_l2
b40d2a979f64a3b3ab05f38150d4b2839689d7d7260c4c652b0ef0a7dad60c6a,"{""backend"":""upmem"",""dpus"":4,""fuse"":true,""geometry"":""panel_only_v1"",""policy"":""complex_int8_shared_scale_v1"",""rank_count"":1,""schedule"":""static_dag_waves_v1"",""tasklets"":24,""threads"":1,""transport"":""packed_wave_v1""}",qual_hs_n04
b40d2a979f64a3b3ab05f38150d4b2839689d7d7260c4c652b0ef0a7dad60c6a,"{""backend"":""upmem"",""dpus"":4,""fuse"":true,""geometry"":""panel_only_v1"",""policy"":""complex_int8_shared_scale_v1"",""rank_count"":1,""schedule"":""static_dag_waves_v1"",""tasklets"":24,""threads"":1,""transport"":""packed_wave_v1""}",qual_stress_n04_l2
b5e001c1aa3d6bc5dc7410a11fca084be9046c909abf35e1e24a5f88b7cdd404,"{""backend"":""upmem"",""dpus"":16,""fuse"":true,""geometry"":""panel_only_v1"",""policy"":""split_complex_float32_v1"",""rank_count"":1,""schedule"":""static_dag_waves_v1"",""tasklets"":24,""threads"":1,""transport"":""packed_wave_v1""}",qual_hs_n04
b5e001c1aa3d6bc5dc7410a11fca084be9046c909abf35e1e24a5f88b7cdd404,"{""backend"":""upmem"",""dpus"":16,""fuse"":true,""geometry"":""panel_only_v1"",""policy"":""split_complex_float32_v1"",""rank_count"":1,""schedule"":""static_dag_waves_v1"",""tasklets"":24,""threads"":1,""transport"":""packed_wave_v1""}",qual_stress_n04_l2
be81183e6d130ece72190f9176126a70d37731ee25893f68d1c49a2e8e15b57a,"{""backend"":""upmem"",""dpus"":1,""fuse"":false,""geometry"":""panel_only_v1"",""policy"":""split_complex_float32_v1"",""rank_count"":1,""schedule"":""serial_nodes_v1"",""tasklets"":18,""threads"":1,""transport"":""packed_wave_v1""}",qual_hs_n04
be81183e6d130ece72190f9176126a70d37731ee25893f68d1c49a2e8e15b57a,"{""backend"":""upmem"",""dpus"":1,""fuse"":false,""geometry"":""panel_only_v1"",""policy"":""split_complex_float32_v1"",""rank_count"":1,""schedule"":""serial_nodes_v1"",""tasklets"":18,""threads"":1,""transport"":""packed_wave_v1""}",qual_stress_n04_l2
bf6e5ef3b7f507ca3e7438d1f1e71d3a6e0136a1b4c1d6159d611d5c3d255313,"{""backend"":""upmem"",""dpus"":1,""fuse"":false,""geometry"":""panel_only_v1"",""policy"":""split_complex_float32_v1"",""rank_count"":1,""schedule"":""serial_nodes_v1"",""tasklets"":14,""threads"":1,""transport"":""packed_wave_v1""}",qual_hs_n04
bf6e5ef3b7f507ca3e7438d1f1e71d3a6e0136a1b4c1d6159d611d5c3d255313,"{""backend"":""upmem"",""dpus"":1,""fuse"":false,""geometry"":""panel_only_v1"",""policy"":""split_complex_float32_v1"",""rank_count"":1,""schedule"":""serial_nodes_v1"",""tasklets"":14,""threads"":1,""transport"":""packed_wave_v1""}",qual_stress_n04_l2
c8d83617187702ca6bdf030b2c3ee00db58f0d28a8d536059f9c54097e067190,"{""backend"":""upmem"",""dpus"":2,""fuse"":true,""geometry"":""panel_only_v1"",""policy"":""split_complex_float32_v1"",""rank_count"":1,""schedule"":""static_dag_waves_v1"",""tasklets"":8,""threads"":1,""transport"":""packed_wave_v1""}",qual_hs_n04
c8d83617187702ca6bdf030b2c3ee00db58f0d28a8d536059f9c54097e067190,"{""backend"":""upmem"",""dpus"":2,""fuse"":true,""geometry"":""panel_only_v1"",""policy"":""split_complex_float32_v1"",""rank_count"":1,""schedule"":""static_dag_waves_v1"",""tasklets"":8,""threads"":1,""transport"":""packed_wave_v1""}",qual_stress_n04_l2
db693aa2ee993965334a0d8bcf3cf527acd8986bf65459f4cdeabab303dd52cd,"{""backend"":""upmem"",""dpus"":1,""fuse"":false,""geometry"":""panel_only_v1"",""policy"":""split_complex_float32_v1"",""rank_count"":1,""schedule"":""serial_nodes_v1"",""tasklets"":7,""threads"":1,""transport"":""packed_wave_v1""}",qual_hs_n04
db693aa2ee993965334a0d8bcf3cf527acd8986bf65459f4cdeabab303dd52cd,"{""backend"":""upmem"",""dpus"":1,""fuse"":false,""geometry"":""panel_only_v1"",""policy"":""split_complex_float32_v1"",""rank_count"":1,""schedule"":""serial_nodes_v1"",""tasklets"":7,""threads"":1,""transport"":""packed_wave_v1""}",qual_stress_n04_l2
dbca946b82bc3f1285d8db3fafce59aec3b04e03185305d4cf823b0dcf401702,"{""backend"":""upmem"",""dpus"":8,""fuse"":true,""geometry"":""panel_only_v1"",""policy"":""complex_int8_shared_scale_v1"",""rank_count"":1,""schedule"":""static_dag_waves_v1"",""tasklets"":24,""threads"":1,""transport"":""packed_wave_v1""}",qual_hs_n04
dbca946b82bc3f1285d8db3fafce59aec3b04e03185305d4cf823b0dcf401702,"{""backend"":""upmem"",""dpus"":8,""fuse"":true,""geometry"":""panel_only_v1"",""policy"":""complex_int8_shared_scale_v1"",""rank_count"":1,""schedule"":""static_dag_waves_v1"",""tasklets"":24,""threads"":1,""transport"":""packed_wave_v1""}",qual_stress_n04_l2
e4e0e687ccdb15f5a8d7f61f78364c246f0606bf598100d2f64a830b0b263b53,"{""backend"":""upmem"",""dpus"":1,""fuse"":false,""geometry"":""panel_only_v1"",""policy"":""split_complex_float32_v1"",""rank_count"":1,""schedule"":""serial_nodes_v1"",""tasklets"":1,""threads"":1,""transport"":""packed_wave_v1""}",qual_hs_n04
e4e0e687ccdb15f5a8d7f61f78364c246f0606bf598100d2f64a830b0b263b53,"{""backend"":""upmem"",""dpus"":1,""fuse"":false,""geometry"":""panel_only_v1"",""policy"":""split_complex_float32_v1"",""rank_count"":1,""schedule"":""serial_nodes_v1"",""tasklets"":1,""threads"":1,""transport"":""packed_wave_v1""}",qual_stress_n04_l2
e94f6abc36679c33ec1ed34f6197413e8397711c8c952dc520ebac2214f9ff3a,"{""backend"":""upmem"",""dpus"":1,""fuse"":false,""geometry"":""panel_only_v1"",""policy"":""split_complex_float32_v1"",""rank_count"":1,""schedule"":""serial_nodes_v1"",""tasklets"":4,""threads"":1,""transport"":""packed_wave_v1""}",qual_hs_n04
e94f6abc36679c33ec1ed34f6197413e8397711c8c952dc520ebac2214f9ff3a,"{""backend"":""upmem"",""dpus"":1,""fuse"":false,""geometry"":""panel_only_v1"",""policy"":""split_complex_float32_v1"",""rank_count"":1,""schedule"":""serial_nodes_v1"",""tasklets"":4,""threads"":1,""transport"":""packed_wave_v1""}",qual_stress_n04_l2
ec610867a4d972311e7e8488e53d4dbebf8ba704570caee5761a91ae9bcd3e46,"{""backend"":""upmem"",""dpus"":2,""fuse"":true,""geometry"":""panel_only_v1"",""policy"":""complex_int8_shared_scale_v1"",""rank_count"":1,""schedule"":""static_dag_waves_v1"",""tasklets"":24,""threads"":1,""transport"":""packed_wave_v1""}",qual_hs_n04
ec610867a4d972311e7e8488e53d4dbebf8ba704570caee5761a91ae9bcd3e46,"{""backend"":""upmem"",""dpus"":2,""fuse"":true,""geometry"":""panel_only_v1"",""policy"":""complex_int8_shared_scale_v1"",""rank_count"":1,""schedule"":""static_dag_waves_v1"",""tasklets"":24,""threads"":1,""transport"":""packed_wave_v1""}",qual_stress_n04_l2
ecf95fdab372ba8ec6b1b3d7a72fa3b3f1c10533823a80917559477cc61f32d4,"{""backend"":""upmem"",""dpus"":4,""fuse"":false,""geometry"":""panel_only_v1"",""policy"":""split_complex_float32_v1"",""rank_count"":1,""schedule"":""serial_nodes_v1"",""tasklets"":8,""threads"":1,""transport"":""packed_wave_v1""}",qual_hs_n04
ecf95fdab372ba8ec6b1b3d7a72fa3b3f1c10533823a80917559477cc61f32d4,"{""backend"":""upmem"",""dpus"":4,""fuse"":false,""geometry"":""panel_only_v1"",""policy"":""split_complex_float32_v1"",""rank_count"":1,""schedule"":""serial_nodes_v1"",""tasklets"":8,""threads"":1,""transport"":""packed_wave_v1""}",qual_stress_n04_l2
ed55ae94291f75623a56779f9a3ea0161394ca36f2fc4b2d975880ef9d9115ad,"{""backend"":""upmem"",""dpus"":32,""fuse"":true,""geometry"":""panel_only_v1"",""policy"":""split_complex_float32_v1"",""rank_count"":1,""schedule"":""static_dag_waves_v1"",""tasklets"":24,""threads"":1,""transport"":""packed_wave_v1""}",qual_hs_n04
ed55ae94291f75623a56779f9a3ea0161394ca36f2fc4b2d975880ef9d9115ad,"{""backend"":""upmem"",""dpus"":32,""fuse"":true,""geometry"":""panel_only_v1"",""policy"":""split_complex_float32_v1"",""rank_count"":1,""schedule"":""static_dag_waves_v1"",""tasklets"":24,""threads"":1,""transport"":""packed_wave_v1""}",qual_stress_n04_l2
f0578c4cb34d075bc450005b78009a895e11fe787101d8d370a5f3531ced7052,"{""backend"":""upmem"",""dpus"":2,""fuse"":true,""geometry"":""panel_only_v1"",""policy"":""complex_int8_shared_scale_v1"",""rank_count"":1,""schedule"":""static_dag_waves_v1"",""tasklets"":8,""threads"":1,""transport"":""packed_wave_v1""}",qual_hs_n04
f0578c4cb34d075bc450005b78009a895e11fe787101d8d370a5f3531ced7052,"{""backend"":""upmem"",""dpus"":2,""fuse"":true,""geometry"":""panel_only_v1"",""policy"":""complex_int8_shared_scale_v1"",""rank_count"":1,""schedule"":""static_dag_waves_v1"",""tasklets"":8,""threads"":1,""transport"":""packed_wave_v1""}",qual_stress_n04_l2
f20455ed11d6465c717cfc21d50ddadb3d6f28b1a1e37f8d7e7b131a3d508fd2,"{""backend"":""upmem"",""dpus"":64,""fuse"":true,""geometry"":""panel_only_v1"",""policy"":""complex_int8_shared_scale_v1"",""rank_count"":1,""schedule"":""static_dag_waves_v1"",""tasklets"":24,""threads"":1,""transport"":""packed_wave_v1""}",qual_hs_n04
f20455ed11d6465c717cfc21d50ddadb3d6f28b1a1e37f8d7e7b131a3d508fd2,"{""backend"":""upmem"",""dpus"":64,""fuse"":true,""geometry"":""panel_only_v1"",""policy"":""complex_int8_shared_scale_v1"",""rank_count"":1,""schedule"":""static_dag_waves_v1"",""tasklets"":24,""threads"":1,""transport"":""packed_wave_v1""}",qual_stress_n04_l2
f7769c726e555c58cafed9149b45854c14fc7d718766c43b50047c8c5a71e6f3,"{""backend"":""upmem"",""dpus"":1,""fuse"":false,""geometry"":""panel_only_v1"",""policy"":""split_complex_float32_v1"",""rank_count"":1,""schedule"":""serial_nodes_v1"",""tasklets"":20,""threads"":1,""transport"":""packed_wave_v1""}",qual_hs_n04
f7769c726e555c58cafed9149b45854c14fc7d718766c43b50047c8c5a71e6f3,"{""backend"":""upmem"",""dpus"":1,""fuse"":false,""geometry"":""panel_only_v1"",""policy"":""split_complex_float32_v1"",""rank_count"":1,""schedule"":""serial_nodes_v1"",""tasklets"":20,""threads"":1,""transport"":""packed_wave_v1""}",qual_stress_n04_l2
f857597b48a921070e9eea4a11aa7a14f11f2a3c63985d5c1e578a22aa0ce52b,"{""backend"":""upmem"",""dpus"":1,""fuse"":true,""geometry"":""panel_only_v1"",""policy"":""complex_int8_shared_scale_v1"",""rank_count"":1,""schedule"":""static_dag_waves_v1"",""tasklets"":24,""threads"":1,""transport"":""packed_wave_v1""}",qual_hs_n04
f857597b48a921070e9eea4a11aa7a14f11f2a3c63985d5c1e578a22aa0ce52b,"{""backend"":""upmem"",""dpus"":1,""fuse"":true,""geometry"":""panel_only_v1"",""policy"":""complex_int8_shared_scale_v1"",""rank_count"":1,""schedule"":""static_dag_waves_v1"",""tasklets"":24,""threads"":1,""transport"":""packed_wave_v1""}",qual_stress_n04_l2
fce085219b1c27d878bfc98d0548813c7213b26a19b57f8282eee434946e3e23,"{""backend"":""upmem"",""dpus"":8,""fuse"":true,""geometry"":""panel_only_v1"",""policy"":""split_complex_float32_v1"",""rank_count"":1,""schedule"":""static_dag_waves_v1"",""tasklets"":8,""threads"":1,""transport"":""packed_wave_v1""}",qual_hs_n04
fce085219b1c27d878bfc98d0548813c7213b26a19b57f8282eee434946e3e23,"{""backend"":""upmem"",""dpus"":8,""fuse"":true,""geometry"":""panel_only_v1"",""policy"":""split_complex_float32_v1"",""rank_count"":1,""schedule"":""static_dag_waves_v1"",""tasklets"":8,""threads"":1,""transport"":""packed_wave_v1""}",qual_stress_n04_l2
