suite,case_id,arm_id,backend,dpus,fuse,geometry,policy,schedule,tasklets,threads,component,median_per_sample_share,raw_mad_share,source_rows
A,edc_n17,upmem_d1_t1_serial_nodes_v1_0_f32,upmem,1,False,panel_only_v1,split_complex_float32_v1,serial_nodes_v1,1,1,session_open_s,0.014151505186435499,0.00012185829785041,3;4;5;6;7;8;9
A,edc_n17,upmem_d1_t1_serial_nodes_v1_0_f32,upmem,1,False,panel_only_v1,split_complex_float32_v1,serial_nodes_v1,1,1,steady_s,0.9855719237032315,0.00013516779639144438,3;4;5;6;7;8;9
A,edc_n17,upmem_d1_t1_serial_nodes_v1_0_f32,upmem,1,False,panel_only_v1,split_complex_float32_v1,serial_nodes_v1,1,1,session_close_s,0.0002754689034430067,9.144662155798338e-06,3;4;5;6;7;8;9
A,edc_n17,upmem_d1_t8_serial_nodes_v1_0_f32,upmem,1,False,panel_only_v1,split_complex_float32_v1,serial_nodes_v1,8,1,session_open_s,0.06335204087272105,0.0011369799545925957,11;12;13;14;15;16;17
A,edc_n17,upmem_d1_t8_serial_nodes_v1_0_f32,upmem,1,False,panel_only_v1,split_complex_float32_v1,serial_nodes_v1,8,1,steady_s,0.9352932603628734,0.001026157410857098,11;12;13;14;15;16;17
A,edc_n17,upmem_d1_t8_serial_nodes_v1_0_f32,upmem,1,False,panel_only_v1,split_complex_float32_v1,serial_nodes_v1,8,1,session_close_s,0.001206334501034356,1.9299876038695327e-05,11;12;13;14;15;16;17
A,edc_n17,upmem_d4_t8_serial_nodes_v1_0_f32,upmem,4,False,panel_only_v1,split_complex_float32_v1,serial_nodes_v1,8,1,session_open_s,0.10729376307540045,0.0008560530086651891,19;20;21;22;23;24;25
A,edc_n17,upmem_d4_t8_serial_nodes_v1_0_f32,upmem,4,False,panel_only_v1,split_complex_float32_v1,serial_nodes_v1,8,1,steady_s,0.8910287191720064,0.0006815146910988945,19;20;21;22;23;24;25
A,edc_n17,upmem_d4_t8_serial_nodes_v1_0_f32,upmem,4,False,panel_only_v1,split_complex_float32_v1,serial_nodes_v1,8,1,session_close_s,0.0018311325809353,8.369302995896578e-05,19;20;21;22;23;24;25
A,edc_n17,upmem_d4_t8_serial_nodes_v1_1_f32,upmem,4,True,panel_only_v1,split_complex_float32_v1,serial_nodes_v1,8,1,session_open_s,0.14371674843003568,0.001765784526767622,27;28;29;30;31;32;33
A,edc_n17,upmem_d4_t8_serial_nodes_v1_1_f32,upmem,4,True,panel_only_v1,split_complex_float32_v1,serial_nodes_v1,8,1,steady_s,0.8534318285163385,0.0019739488912693393,27;28;29;30;31;32;33
A,edc_n17,upmem_d4_t8_serial_nodes_v1_1_f32,upmem,4,True,panel_only_v1,split_complex_float32_v1,serial_nodes_v1,8,1,session_close_s,0.0025666242685740896,0.00010398771403569932,27;28;29;30;31;32;33
A,edc_n17,upmem_d4_t8_static_dag_waves_v1_1_f32,upmem,4,True,panel_only_v1,split_complex_float32_v1,static_dag_waves_v1,8,1,session_open_s,0.15436200890312593,0.0014606578309321605,35;36;37;38;39;40;41
A,edc_n17,upmem_d4_t8_static_dag_waves_v1_1_f32,upmem,4,True,panel_only_v1,split_complex_float32_v1,static_dag_waves_v1,8,1,steady_s,0.8436398406978742,0.0012579109730449511,35;36;37;38;39;40;41
A,edc_n17,upmem_d4_t8_static_dag_waves_v1_1_f32,upmem,4,True,panel_only_v1,split_complex_float32_v1,static_dag_waves_v1,8,1,session_close_s,0.0020809043572738686,7.402634285616711e-05,35;36;37;38;39;40;41
A,hs_n18,upmem_d1_t1_serial_nodes_v1_0_f32,upmem,1,False,panel_only_v1,split_complex_float32_v1,serial_nodes_v1,1,1,session_open_s,0.09073567052633433,0.0013443504689184677,43;44;45;46;47;48;49
A,hs_n18,upmem_d1_t1_serial_nodes_v1_0_f32,upmem,1,False,panel_only_v1,split_complex_float32_v1,serial_nodes_v1,1,1,steady_s,0.9081932857535895,0.0012921398613426893,43;44;45;46;47;48;49
A,hs_n18,upmem_d1_t1_serial_nodes_v1_0_f32,upmem,1,False,panel_only_v1,split_complex_float32_v1,serial_nodes_v1,1,1,session_close_s,0.0010404867855518703,3.055693452430185e-05,43;44;45;46;47;48;49
A,hs_n18,upmem_d1_t8_serial_nodes_v1_0_f32,upmem,1,False,panel_only_v1,split_complex_float32_v1,serial_nodes_v1,8,1,session_open_s,0.18516572221160996,0.00904993792310907,51;52;53;54;55;56;57
A,hs_n18,upmem_d1_t8_serial_nodes_v1_0_f32,upmem,1,False,panel_only_v1,split_complex_float32_v1,serial_nodes_v1,8,1,steady_s,0.812980663408665,0.008890041919410563,51;52;53;54;55;56;57
A,hs_n18,upmem_d1_t8_serial_nodes_v1_0_f32,upmem,1,False,panel_only_v1,split_complex_float32_v1,serial_nodes_v1,8,1,session_close_s,0.002013510383423526,7.664065754621864e-05,51;52;53;54;55;56;57
A,hs_n18,upmem_d4_t8_serial_nodes_v1_0_f32,upmem,4,False,panel_only_v1,split_complex_float32_v1,serial_nodes_v1,8,1,session_open_s,0.1765016462771213,0.0039548964677753595,59;60;61;62;63;64;65
A,hs_n18,upmem_d4_t8_serial_nodes_v1_0_f32,upmem,4,False,panel_only_v1,split_complex_float32_v1,serial_nodes_v1,8,1,steady_s,0.8216573064724154,0.004120267984477399,59;60;61;62;63;64;65
A,hs_n18,upmem_d4_t8_serial_nodes_v1_0_f32,upmem,4,False,panel_only_v1,split_complex_float32_v1,serial_nodes_v1,8,1,session_close_s,0.0017973911166384669,8.791981919915978e-05,59;60;61;62;63;64;65
A,hs_n18,upmem_d4_t8_serial_nodes_v1_1_f32,upmem,4,True,panel_only_v1,split_complex_float32_v1,serial_nodes_v1,8,1,session_open_s,0.31933330093074497,0.0031397075424916543,67;68;69;70;71;72;73
A,hs_n18,upmem_d4_t8_serial_nodes_v1_1_f32,upmem,4,True,panel_only_v1,split_complex_float32_v1,serial_nodes_v1,8,1,steady_s,0.676859495858198,0.002950351901560122,67;68;69;70;71;72;73
A,hs_n18,upmem_d4_t8_serial_nodes_v1_1_f32,upmem,4,True,panel_only_v1,split_complex_float32_v1,serial_nodes_v1,8,1,session_close_s,0.003607813081953185,0.00019939012910374226,67;68;69;70;71;72;73
A,hs_n18,upmem_d4_t8_static_dag_waves_v1_1_f32,upmem,4,True,panel_only_v1,split_complex_float32_v1,static_dag_waves_v1,8,1,session_open_s,0.4736727089611499,0.0023724005193925812,75;76;77;78;79;80;81
A,hs_n18,upmem_d4_t8_static_dag_waves_v1_1_f32,upmem,4,True,panel_only_v1,split_complex_float32_v1,static_dag_waves_v1,8,1,steady_s,0.5223385402502816,0.002397776706236976,75;76;77;78;79;80;81
A,hs_n18,upmem_d4_t8_static_dag_waves_v1_1_f32,upmem,4,True,panel_only_v1,split_complex_float32_v1,static_dag_waves_v1,8,1,session_close_s,0.0039963895446197325,6.315721840571137e-05,75;76;77;78;79;80;81
A,stress_n16_l2,upmem_d1_t1_serial_nodes_v1_0_f32,upmem,1,False,panel_only_v1,split_complex_float32_v1,serial_nodes_v1,1,1,session_open_s,0.04359937175148494,0.00031392560376917317,83;84;85;86;87;88;89
A,stress_n16_l2,upmem_d1_t1_serial_nodes_v1_0_f32,upmem,1,False,panel_only_v1,split_complex_float32_v1,serial_nodes_v1,1,1,steady_s,0.9558373327343742,0.00031617342557943573,83;84;85;86;87;88;89
A,stress_n16_l2,upmem_d1_t1_serial_nodes_v1_0_f32,upmem,1,False,panel_only_v1,split_complex_float32_v1,serial_nodes_v1,1,1,session_close_s,0.00050372554757931,3.712848096921995e-05,83;84;85;86;87;88;89
A,stress_n16_l2,upmem_d1_t8_serial_nodes_v1_0_f32,upmem,1,False,panel_only_v1,split_complex_float32_v1,serial_nodes_v1,8,1,session_open_s,0.13929170061307888,0.0007565969762254876,91;92;93;94;95;96;97
A,stress_n16_l2,upmem_d1_t8_serial_nodes_v1_0_f32,upmem,1,False,panel_only_v1,split_complex_float32_v1,serial_nodes_v1,8,1,steady_s,0.8590665421157679,0.0008661154803184523,91;92;93;94;95;96;97
A,stress_n16_l2,upmem_d1_t8_serial_nodes_v1_0_f32,upmem,1,False,panel_only_v1,split_complex_float32_v1,serial_nodes_v1,8,1,session_close_s,0.0015570676997262076,7.071859037329994e-05,91;92;93;94;95;96;97
A,stress_n16_l2,upmem_d4_t8_serial_nodes_v1_0_f32,upmem,4,False,panel_only_v1,split_complex_float32_v1,serial_nodes_v1,8,1,session_open_s,0.16466984980562846,0.002372324826904304,99;100;101;102;103;104;105
A,stress_n16_l2,upmem_d4_t8_serial_nodes_v1_0_f32,upmem,4,False,panel_only_v1,split_complex_float32_v1,serial_nodes_v1,8,1,steady_s,0.8337264858985127,0.0021015303043399047,99;100;101;102;103;104;105
A,stress_n16_l2,upmem_d4_t8_serial_nodes_v1_0_f32,upmem,4,False,panel_only_v1,split_complex_float32_v1,serial_nodes_v1,8,1,session_close_s,0.0016857329129649672,8.20686171061763e-05,99;100;101;102;103;104;105
A,stress_n16_l2,upmem_d4_t8_serial_nodes_v1_1_f32,upmem,4,True,panel_only_v1,split_complex_float32_v1,serial_nodes_v1,8,1,session_open_s,0.27784440332586974,0.004524185942150927,107;108;109;110;111;112;113
A,stress_n16_l2,upmem_d4_t8_serial_nodes_v1_1_f32,upmem,4,True,panel_only_v1,split_complex_float32_v1,serial_nodes_v1,8,1,steady_s,0.7190847415256482,0.004213408058918788,107;108;109;110;111;112;113
A,stress_n16_l2,upmem_d4_t8_serial_nodes_v1_1_f32,upmem,4,True,panel_only_v1,split_complex_float32_v1,serial_nodes_v1,8,1,session_close_s,0.0032470890153249612,0.0001661266429482224,107;108;109;110;111;112;113
A,stress_n16_l2,upmem_d4_t8_static_dag_waves_v1_1_f32,upmem,4,True,panel_only_v1,split_complex_float32_v1,static_dag_waves_v1,8,1,session_open_s,0.3587780207026341,0.0024233135335267053,115;116;117;118;119;120;121
A,stress_n16_l2,upmem_d4_t8_static_dag_waves_v1_1_f32,upmem,4,True,panel_only_v1,split_complex_float32_v1,static_dag_waves_v1,8,1,steady_s,0.6382652305373419,0.002586113459776107,115;116;117;118;119;120;121
A,stress_n16_l2,upmem_d4_t8_static_dag_waves_v1_1_f32,upmem,4,True,panel_only_v1,split_complex_float32_v1,static_dag_waves_v1,8,1,session_close_s,0.0030744522901873872,0.00011770353016336442,115;116;117;118;119;120;121
D,hs_n18,upmem_d16_t24_static_dag_waves_v1_1_f32,upmem,16,True,panel_only_v1,split_complex_float32_v1,static_dag_waves_v1,24,1,session_open_s,0.4787449396446066,0.0008213157310463237,177;178;179;180;181
D,hs_n18,upmem_d16_t24_static_dag_waves_v1_1_f32,upmem,16,True,panel_only_v1,split_complex_float32_v1,static_dag_waves_v1,24,1,steady_s,0.5175564093018616,0.0008014087412927529,177;178;179;180;181
D,hs_n18,upmem_d16_t24_static_dag_waves_v1_1_f32,upmem,16,True,panel_only_v1,split_complex_float32_v1,static_dag_waves_v1,24,1,session_close_s,0.00369865105353176,9.161894503646219e-06,177;178;179;180;181
D,hs_n18,upmem_d16_t8_static_dag_waves_v1_1_f32,upmem,16,True,panel_only_v1,split_complex_float32_v1,static_dag_waves_v1,8,1,session_open_s,0.4621851921811582,0.0007986648641021277,171;172;173;174;175
D,hs_n18,upmem_d16_t8_static_dag_waves_v1_1_f32,upmem,16,True,panel_only_v1,split_complex_float32_v1,static_dag_waves_v1,8,1,steady_s,0.5335927515036145,0.0008677151177829412,171;172;173;174;175
D,hs_n18,upmem_d16_t8_static_dag_waves_v1_1_f32,upmem,16,True,panel_only_v1,split_complex_float32_v1,static_dag_waves_v1,8,1,session_close_s,0.003884965244658164,0.00012825703237638857,171;172;173;174;175
D,hs_n18,upmem_d1_t24_static_dag_waves_v1_1_f32,upmem,1,True,panel_only_v1,split_complex_float32_v1,static_dag_waves_v1,24,1,session_open_s,0.3650842109048108,0.003510283633198441,129;130;131;132;133
D,hs_n18,upmem_d1_t24_static_dag_waves_v1_1_f32,upmem,1,True,panel_only_v1,split_complex_float32_v1,static_dag_waves_v1,24,1,steady_s,0.6320735771612125,0.0032200723227040484,129;130;131;132;133
D,hs_n18,upmem_d1_t24_static_dag_waves_v1_1_f32,upmem,1,True,panel_only_v1,split_complex_float32_v1,static_dag_waves_v1,24,1,session_close_s,0.003079685922805448,5.273732166562444e-05,129;130;131;132;133
D,hs_n18,upmem_d1_t8_static_dag_waves_v1_1_f32,upmem,1,True,panel_only_v1,split_complex_float32_v1,static_dag_waves_v1,8,1,session_open_s,0.350608918456029,0.0018486337640507,123;124;125;126;127
D,hs_n18,upmem_d1_t8_static_dag_waves_v1_1_f32,upmem,1,True,panel_only_v1,split_complex_float32_v1,static_dag_waves_v1,8,1,steady_s,0.6463101676780663,0.0016867428815452445,123;124;125;126;127
D,hs_n18,upmem_d1_t8_static_dag_waves_v1_1_f32,upmem,1,True,panel_only_v1,split_complex_float32_v1,static_dag_waves_v1,8,1,session_close_s,0.002919022983399284,0.00012133990442683273,123;124;125;126;127
D,hs_n18,upmem_d2_t24_static_dag_waves_v1_1_f32,upmem,2,True,panel_only_v1,split_complex_float32_v1,static_dag_waves_v1,24,1,session_open_s,0.43496974382148773,0.0020533185866202786,141;142;143;144;145
D,hs_n18,upmem_d2_t24_static_dag_waves_v1_1_f32,upmem,2,True,panel_only_v1,split_complex_float32_v1,static_dag_waves_v1,24,1,steady_s,0.5615744484828169,0.002171265883517015,141;142;143;144;145
D,hs_n18,upmem_d2_t24_static_dag_waves_v1_1_f32,upmem,2,True,panel_only_v1,split_complex_float32_v1,static_dag_waves_v1,24,1,session_close_s,0.003809049726574173,2.8591493587618814e-05,141;142;143;144;145
D,hs_n18,upmem_d2_t8_static_dag_waves_v1_1_f32,upmem,2,True,panel_only_v1,split_complex_float32_v1,static_dag_waves_v1,8,1,session_open_s,0.4228772390831904,0.003461241733256848,135;136;137;138;139
D,hs_n18,upmem_d2_t8_static_dag_waves_v1_1_f32,upmem,2,True,panel_only_v1,split_complex_float32_v1,static_dag_waves_v1,8,1,steady_s,0.573722055624084,0.0030721517581757674,135;136;137;138;139
D,hs_n18,upmem_d2_t8_static_dag_waves_v1_1_f32,upmem,2,True,panel_only_v1,split_complex_float32_v1,static_dag_waves_v1,8,1,session_close_s,0.003789795267806726,9.938499309762681e-05,135;136;137;138;139
D,hs_n18,upmem_d32_t24_static_dag_waves_v1_1_f32,upmem,32,True,panel_only_v1,split_complex_float32_v1,static_dag_waves_v1,24,1,session_open_s,0.44833436436950963,0.0011726549648470863,189;190;191;192;193
D,hs_n18,upmem_d32_t24_static_dag_waves_v1_1_f32,upmem,32,True,panel_only_v1,split_complex_float32_v1,static_dag_waves_v1,24,1,steady_s,0.5477124037495025,0.0013002306689422483,189;190;191;192;193
D,hs_n18,upmem_d32_t24_static_dag_waves_v1_1_f32,upmem,32,True,panel_only_v1,split_complex_float32_v1,static_dag_waves_v1,24,1,session_close_s,0.004072713263871934,0.0001194813828840971,189;190;191;192;193
D,hs_n18,upmem_d32_t8_static_dag_waves_v1_1_f32,upmem,32,True,panel_only_v1,split_complex_float32_v1,static_dag_waves_v1,8,1,session_open_s,0.43775207172064656,0.002100223947997859,183;184;185;186;187
D,hs_n18,upmem_d32_t8_static_dag_waves_v1_1_f32,upmem,32,True,panel_only_v1,split_complex_float32_v1,static_dag_waves_v1,8,1,steady_s,0.5583705336221588,0.0023982409345890687,183;184;185;186;187
D,hs_n18,upmem_d32_t8_static_dag_waves_v1_1_f32,upmem,32,True,panel_only_v1,split_complex_float32_v1,static_dag_waves_v1,8,1,session_close_s,0.0038773946571946057,0.00010603253590194981,183;184;185;186;187
D,hs_n18,upmem_d4_t24_static_dag_waves_v1_1_f32,upmem,4,True,panel_only_v1,split_complex_float32_v1,static_dag_waves_v1,24,1,session_open_s,0.4902095196028157,0.0012931028718089488,153;154;155;156;157
D,hs_n18,upmem_d4_t24_static_dag_waves_v1_1_f32,upmem,4,True,panel_only_v1,split_complex_float32_v1,static_dag_waves_v1,24,1,steady_s,0.505844477661938,0.0012375763716958588,153;154;155;156;157
D,hs_n18,upmem_d4_t24_static_dag_waves_v1_1_f32,upmem,4,True,panel_only_v1,split_complex_float32_v1,static_dag_waves_v1,24,1,session_close_s,0.0038904762351332253,7.048427856090221e-05,153;154;155;156;157
D,hs_n18,upmem_d4_t8_static_dag_waves_v1_1_f32,upmem,4,True,panel_only_v1,split_complex_float32_v1,static_dag_waves_v1,8,1,session_open_s,0.4732614619993475,0.004606241530834165,147;148;149;150;151
D,hs_n18,upmem_d4_t8_static_dag_waves_v1_1_f32,upmem,4,True,panel_only_v1,split_complex_float32_v1,static_dag_waves_v1,8,1,steady_s,0.5226114928805233,0.004079955264950308,147;148;149;150;151
D,hs_n18,upmem_d4_t8_static_dag_waves_v1_1_f32,upmem,4,True,panel_only_v1,split_complex_float32_v1,static_dag_waves_v1,8,1,session_close_s,0.004127045120129156,0.00019839769602091745,147;148;149;150;151
D,hs_n18,upmem_d64_t24_static_dag_waves_v1_1_f32,upmem,64,True,panel_only_v1,split_complex_float32_v1,static_dag_waves_v1,24,1,session_open_s,0.4120537938300138,0.0033135313507733355,201;202;203;204;205
D,hs_n18,upmem_d64_t24_static_dag_waves_v1_1_f32,upmem,64,True,panel_only_v1,split_complex_float32_v1,static_dag_waves_v1,24,1,steady_s,0.5843766629697851,0.0035819212376903,201;202;203;204;205
D,hs_n18,upmem_d64_t24_static_dag_waves_v1_1_f32,upmem,64,True,panel_only_v1,split_complex_float32_v1,static_dag_waves_v1,24,1,session_close_s,0.003587569111916041,4.1312132827678056e-05,201;202;203;204;205
D,hs_n18,upmem_d64_t8_static_dag_waves_v1_1_f32,upmem,64,True,panel_only_v1,split_complex_float32_v1,static_dag_waves_v1,8,1,session_open_s,0.40099196197989473,0.001960426125410142,195;196;197;198;199
D,hs_n18,upmem_d64_t8_static_dag_waves_v1_1_f32,upmem,64,True,panel_only_v1,split_complex_float32_v1,static_dag_waves_v1,8,1,steady_s,0.5957540931115906,0.0022951689197691083,195;196;197;198;199
D,hs_n18,upmem_d64_t8_static_dag_waves_v1_1_f32,upmem,64,True,panel_only_v1,split_complex_float32_v1,static_dag_waves_v1,8,1,session_close_s,0.0035741446725743244,8.938913106906797e-05,195;196;197;198;199
D,hs_n18,upmem_d8_t24_static_dag_waves_v1_1_f32,upmem,8,True,panel_only_v1,split_complex_float32_v1,static_dag_waves_v1,24,1,session_open_s,0.4847492250008843,0.007119028160962659,165;166;167;168;169
D,hs_n18,upmem_d8_t24_static_dag_waves_v1_1_f32,upmem,8,True,panel_only_v1,split_complex_float32_v1,static_dag_waves_v1,24,1,steady_s,0.510711879811412,0.006475363810440893,165;166;167;168;169
D,hs_n18,upmem_d8_t24_static_dag_waves_v1_1_f32,upmem,8,True,panel_only_v1,split_complex_float32_v1,static_dag_waves_v1,24,1,session_close_s,0.003895295450297565,4.987794882411849e-05,165;166;167;168;169
D,hs_n18,upmem_d8_t8_static_dag_waves_v1_1_f32,upmem,8,True,panel_only_v1,split_complex_float32_v1,static_dag_waves_v1,8,1,session_open_s,0.47061683027418866,0.00679889153319746,159;160;161;162;163
D,hs_n18,upmem_d8_t8_static_dag_waves_v1_1_f32,upmem,8,True,panel_only_v1,split_complex_float32_v1,static_dag_waves_v1,8,1,steady_s,0.5254684473742763,0.006910904818408614,159;160;161;162;163
D,hs_n18,upmem_d8_t8_static_dag_waves_v1_1_f32,upmem,8,True,panel_only_v1,split_complex_float32_v1,static_dag_waves_v1,8,1,session_close_s,0.003953451884429538,7.328375231658267e-05,159;160;161;162;163
D,stress_n16_l2,upmem_d16_t24_static_dag_waves_v1_1_f32,upmem,16,True,panel_only_v1,split_complex_float32_v1,static_dag_waves_v1,24,1,session_open_s,0.4754670055086482,0.0013433541318314535,261;262;263;264;265
D,stress_n16_l2,upmem_d16_t24_static_dag_waves_v1_1_f32,upmem,16,True,panel_only_v1,split_complex_float32_v1,static_dag_waves_v1,24,1,steady_s,0.5203833745339415,0.0011716778163320951,261;262;263;264;265
D,stress_n16_l2,upmem_d16_t24_static_dag_waves_v1_1_f32,upmem,16,True,panel_only_v1,split_complex_float32_v1,static_dag_waves_v1,24,1,session_close_s,0.004098056918598489,0.00012011327668748004,261;262;263;264;265
D,stress_n16_l2,upmem_d16_t8_static_dag_waves_v1_1_f32,upmem,16,True,panel_only_v1,split_complex_float32_v1,static_dag_waves_v1,8,1,session_open_s,0.4422613984190692,0.0013453506797024284,255;256;257;258;259
D,stress_n16_l2,upmem_d16_t8_static_dag_waves_v1_1_f32,upmem,16,True,panel_only_v1,split_complex_float32_v1,static_dag_waves_v1,8,1,steady_s,0.5538152670385817,0.0018259278507405385,255;256;257;258;259
D,stress_n16_l2,upmem_d16_t8_static_dag_waves_v1_1_f32,upmem,16,True,panel_only_v1,split_complex_float32_v1,static_dag_waves_v1,8,1,session_close_s,0.0040061884751502975,0.00011614955911695962,255;256;257;258;259
D,stress_n16_l2,upmem_d1_t24_static_dag_waves_v1_1_f32,upmem,1,True,panel_only_v1,split_complex_float32_v1,static_dag_waves_v1,24,1,session_open_s,0.27951547019482575,0.0025762594476418377,213;214;215;216;217
D,stress_n16_l2,upmem_d1_t24_static_dag_waves_v1_1_f32,upmem,1,True,panel_only_v1,split_complex_float32_v1,static_dag_waves_v1,24,1,steady_s,0.7180365121674391,0.0023592488116869204,213;214;215;216;217
D,stress_n16_l2,upmem_d1_t24_static_dag_waves_v1_1_f32,upmem,1,True,panel_only_v1,split_complex_float32_v1,static_dag_waves_v1,24,1,session_close_s,0.0023712599519069015,0.0001402529501267442,213;214;215;216;217
D,stress_n16_l2,upmem_d1_t8_static_dag_waves_v1_1_f32,upmem,1,True,panel_only_v1,split_complex_float32_v1,static_dag_waves_v1,8,1,session_open_s,0.24334671643153286,0.0007869071249508308,207;208;209;210;211
D,stress_n16_l2,upmem_d1_t8_static_dag_waves_v1_1_f32,upmem,1,True,panel_only_v1,split_complex_float32_v1,static_dag_waves_v1,8,1,steady_s,0.7543422897326558,0.0007981852939575873,207;208;209;210;211
D,stress_n16_l2,upmem_d1_t8_static_dag_waves_v1_1_f32,upmem,1,True,panel_only_v1,split_complex_float32_v1,static_dag_waves_v1,8,1,session_close_s,0.0022864107524970135,3.5861252321072335e-05,207;208;209;210;211
D,stress_n16_l2,upmem_d2_t24_static_dag_waves_v1_1_f32,upmem,2,True,panel_only_v1,split_complex_float32_v1,static_dag_waves_v1,24,1,session_open_s,0.35261623743486603,0.002708584418696258,225;226;227;228;229
D,stress_n16_l2,upmem_d2_t24_static_dag_waves_v1_1_f32,upmem,2,True,panel_only_v1,split_complex_float32_v1,static_dag_waves_v1,24,1,steady_s,0.6440608862858853,0.003313757480234547,225;226;227;228;229
D,stress_n16_l2,upmem_d2_t24_static_dag_waves_v1_1_f32,upmem,2,True,panel_only_v1,split_complex_float32_v1,static_dag_waves_v1,24,1,session_close_s,0.0030523012397045703,0.00018897647748848364,225;226;227;228;229
D,stress_n16_l2,upmem_d2_t8_static_dag_waves_v1_1_f32,upmem,2,True,panel_only_v1,split_complex_float32_v1,static_dag_waves_v1,8,1,session_open_s,0.31012140870073407,0.002152497882677684,219;220;221;222;223
D,stress_n16_l2,upmem_d2_t8_static_dag_waves_v1_1_f32,upmem,2,True,panel_only_v1,split_complex_float32_v1,static_dag_waves_v1,8,1,steady_s,0.6870136988732792,0.0021099650078074683,219;220;221;222;223
D,stress_n16_l2,upmem_d2_t8_static_dag_waves_v1_1_f32,upmem,2,True,panel_only_v1,split_complex_float32_v1,static_dag_waves_v1,8,1,session_close_s,0.0028692683706093495,3.8156930247556196e-05,219;220;221;222;223
D,stress_n16_l2,upmem_d32_t24_static_dag_waves_v1_1_f32,upmem,32,True,panel_only_v1,split_complex_float32_v1,static_dag_waves_v1,24,1,session_open_s,0.44619377136546634,0.0011729778558862702,273;274;275;276;277
D,stress_n16_l2,upmem_d32_t24_static_dag_waves_v1_1_f32,upmem,32,True,panel_only_v1,split_complex_float32_v1,static_dag_waves_v1,24,1,steady_s,0.5498141044677057,0.001254252394838451,273;274;275;276;277
D,stress_n16_l2,upmem_d32_t24_static_dag_waves_v1_1_f32,upmem,32,True,panel_only_v1,split_complex_float32_v1,static_dag_waves_v1,24,1,session_close_s,0.004182609737503661,0.0002467857215386962,273;274;275;276;277
D,stress_n16_l2,upmem_d32_t8_static_dag_waves_v1_1_f32,upmem,32,True,panel_only_v1,split_complex_float32_v1,static_dag_waves_v1,8,1,session_open_s,0.4245884270646015,0.0011633399308658143,267;268;269;270;271
D,stress_n16_l2,upmem_d32_t8_static_dag_waves_v1_1_f32,upmem,32,True,panel_only_v1,split_complex_float32_v1,static_dag_waves_v1,8,1,steady_s,0.5717312651052574,0.0012069703101751372,267;268;269;270;271
D,stress_n16_l2,upmem_d32_t8_static_dag_waves_v1_1_f32,upmem,32,True,panel_only_v1,split_complex_float32_v1,static_dag_waves_v1,8,1,session_close_s,0.0036803078301411015,0.00047051191538842636,267;268;269;270;271
D,stress_n16_l2,upmem_d4_t24_static_dag_waves_v1_1_f32,upmem,4,True,panel_only_v1,split_complex_float32_v1,static_dag_waves_v1,24,1,session_open_s,0.4025215519496034,0.0054066355297270885,237;238;239;240;241
D,stress_n16_l2,upmem_d4_t24_static_dag_waves_v1_1_f32,upmem,4,True,panel_only_v1,split_complex_float32_v1,static_dag_waves_v1,24,1,steady_s,0.5940954567015456,0.004937757569811074,237;238;239;240;241
D,stress_n16_l2,upmem_d4_t24_static_dag_waves_v1_1_f32,upmem,4,True,panel_only_v1,split_complex_float32_v1,static_dag_waves_v1,24,1,session_close_s,0.00354413039487008,0.0002544826901090904,237;238;239;240;241
D,stress_n16_l2,upmem_d4_t8_static_dag_waves_v1_1_f32,upmem,4,True,panel_only_v1,split_complex_float32_v1,static_dag_waves_v1,8,1,session_open_s,0.36271124519376596,0.0015927406559023138,231;232;233;234;235
D,stress_n16_l2,upmem_d4_t8_static_dag_waves_v1_1_f32,upmem,4,True,panel_only_v1,split_complex_float32_v1,static_dag_waves_v1,8,1,steady_s,0.6343312513027666,0.0015825119969524737,231;232;233;234;235
D,stress_n16_l2,upmem_d4_t8_static_dag_waves_v1_1_f32,upmem,4,True,panel_only_v1,split_complex_float32_v1,static_dag_waves_v1,8,1,session_close_s,0.002967732162417246,0.00026832431835261805,231;232;233;234;235
D,stress_n16_l2,upmem_d64_t24_static_dag_waves_v1_1_f32,upmem,64,True,panel_only_v1,split_complex_float32_v1,static_dag_waves_v1,24,1,session_open_s,0.4232218738408755,0.0019915685890875,285;286;287;288;289
D,stress_n16_l2,upmem_d64_t24_static_dag_waves_v1_1_f32,upmem,64,True,panel_only_v1,split_complex_float32_v1,static_dag_waves_v1,24,1,steady_s,0.5728164557482434,0.0023681820107538387,285;286;287;288;289
D,stress_n16_l2,upmem_d64_t24_static_dag_waves_v1_1_f32,upmem,64,True,panel_only_v1,split_complex_float32_v1,static_dag_waves_v1,24,1,session_close_s,0.0038954145432242076,0.0001299825991312566,285;286;287;288;289
D,stress_n16_l2,upmem_d64_t8_static_dag_waves_v1_1_f32,upmem,64,True,panel_only_v1,split_complex_float32_v1,static_dag_waves_v1,8,1,session_open_s,0.40239174415838597,0.0038575396866264433,279;280;281;282;283
D,stress_n16_l2,upmem_d64_t8_static_dag_waves_v1_1_f32,upmem,64,True,panel_only_v1,split_complex_float32_v1,static_dag_waves_v1,8,1,steady_s,0.5942285698384261,0.0038403487339846443,279;280;281;282;283
D,stress_n16_l2,upmem_d64_t8_static_dag_waves_v1_1_f32,upmem,64,True,panel_only_v1,split_complex_float32_v1,static_dag_waves_v1,8,1,session_close_s,0.003636151680602441,0.000256465677414493,279;280;281;282;283
D,stress_n16_l2,upmem_d8_t24_static_dag_waves_v1_1_f32,upmem,8,True,panel_only_v1,split_complex_float32_v1,static_dag_waves_v1,24,1,session_open_s,0.42050188397468996,0.0055338134490426905,249;250;251;252;253
D,stress_n16_l2,upmem_d8_t24_static_dag_waves_v1_1_f32,upmem,8,True,panel_only_v1,split_complex_float32_v1,static_dag_waves_v1,24,1,steady_s,0.5758748969383555,0.005350559532936283,249;250;251;252;253
D,stress_n16_l2,upmem_d8_t24_static_dag_waves_v1_1_f32,upmem,8,True,panel_only_v1,split_complex_float32_v1,static_dag_waves_v1,24,1,session_close_s,0.003623219086954519,0.00022367563720095953,249;250;251;252;253
D,stress_n16_l2,upmem_d8_t8_static_dag_waves_v1_1_f32,upmem,8,True,panel_only_v1,split_complex_float32_v1,static_dag_waves_v1,8,1,session_open_s,0.38490004500590363,0.000967481217790167,243;244;245;246;247
D,stress_n16_l2,upmem_d8_t8_static_dag_waves_v1_1_f32,upmem,8,True,panel_only_v1,split_complex_float32_v1,static_dag_waves_v1,8,1,steady_s,0.6118579240321441,0.0006596599622580301,243;244;245;246;247
D,stress_n16_l2,upmem_d8_t8_static_dag_waves_v1_1_f32,upmem,8,True,panel_only_v1,split_complex_float32_v1,static_dag_waves_v1,8,1,session_close_s,0.0031949873880565364,4.704357389571359e-05,243;244;245;246;247
T,hs_n18,upmem_d1_t10_serial_nodes_v1_0_f32,upmem,1,False,panel_only_v1,split_complex_float32_v1,serial_nodes_v1,10,1,session_open_s,0.18376397223551347,0.0020532901514122015,345;346;347;348;349
T,hs_n18,upmem_d1_t10_serial_nodes_v1_0_f32,upmem,1,False,panel_only_v1,split_complex_float32_v1,serial_nodes_v1,10,1,steady_s,0.8143773388381798,0.002207195063315903,345;346;347;348;349
T,hs_n18,upmem_d1_t10_serial_nodes_v1_0_f32,upmem,1,False,panel_only_v1,split_complex_float32_v1,serial_nodes_v1,10,1,session_close_s,0.002012593838210477,0.00010105931531140082,345;346;347;348;349
T,hs_n18,upmem_d1_t11_serial_nodes_v1_0_f32,upmem,1,False,panel_only_v1,split_complex_float32_v1,serial_nodes_v1,11,1,session_open_s,0.1896510054485866,0.001844604652725651,351;352;353;354;355
T,hs_n18,upmem_d1_t11_serial_nodes_v1_0_f32,upmem,1,False,panel_only_v1,split_complex_float32_v1,serial_nodes_v1,11,1,steady_s,0.8082201145808594,0.0018099647218903225,351;352;353;354;355
T,hs_n18,upmem_d1_t11_serial_nodes_v1_0_f32,upmem,1,False,panel_only_v1,split_complex_float32_v1,serial_nodes_v1,11,1,session_close_s,0.0021286905143177,3.445047459906068e-05,351;352;353;354;355
T,hs_n18,upmem_d1_t12_serial_nodes_v1_0_f32,upmem,1,False,panel_only_v1,split_complex_float32_v1,serial_nodes_v1,12,1,session_open_s,0.1888717961998764,0.00010882592303626537,357;358;359;360;361
T,hs_n18,upmem_d1_t12_serial_nodes_v1_0_f32,upmem,1,False,panel_only_v1,split_complex_float32_v1,serial_nodes_v1,12,1,steady_s,0.8091547348229404,0.00014847995036060269,357;358;359;360;361
T,hs_n18,upmem_d1_t12_serial_nodes_v1_0_f32,upmem,1,False,panel_only_v1,split_complex_float32_v1,serial_nodes_v1,12,1,session_close_s,0.0019734689771831585,0.000113716892517381,357;358;359;360;361
T,hs_n18,upmem_d1_t13_serial_nodes_v1_0_f32,upmem,1,False,panel_only_v1,split_complex_float32_v1,serial_nodes_v1,13,1,session_open_s,0.1874816112493245,0.00043432611047342085,363;364;365;366;367
T,hs_n18,upmem_d1_t13_serial_nodes_v1_0_f32,upmem,1,False,panel_only_v1,split_complex_float32_v1,serial_nodes_v1,13,1,steady_s,0.8102603942795513,0.0007991826109372546,363;364;365;366;367
T,hs_n18,upmem_d1_t13_serial_nodes_v1_0_f32,upmem,1,False,panel_only_v1,split_complex_float32_v1,serial_nodes_v1,13,1,session_close_s,0.001985000253497872,6.990034368123312e-05,363;364;365;366;367
T,hs_n18,upmem_d1_t14_serial_nodes_v1_0_f32,upmem,1,False,panel_only_v1,split_complex_float32_v1,serial_nodes_v1,14,1,session_open_s,0.18804054370504267,0.0007016590785758337,369;370;371;372;373
T,hs_n18,upmem_d1_t14_serial_nodes_v1_0_f32,upmem,1,False,panel_only_v1,split_complex_float32_v1,serial_nodes_v1,14,1,steady_s,0.8097940160073381,0.0008105870478087862,369;370;371;372;373
T,hs_n18,upmem_d1_t14_serial_nodes_v1_0_f32,upmem,1,False,panel_only_v1,split_complex_float32_v1,serial_nodes_v1,14,1,session_close_s,0.0021654402876191527,8.129091977483174e-05,369;370;371;372;373
T,hs_n18,upmem_d1_t15_serial_nodes_v1_0_f32,upmem,1,False,panel_only_v1,split_complex_float32_v1,serial_nodes_v1,15,1,session_open_s,0.1875036563191823,0.003060825798887501,375;376;377;378;379
T,hs_n18,upmem_d1_t15_serial_nodes_v1_0_f32,upmem,1,False,panel_only_v1,split_complex_float32_v1,serial_nodes_v1,15,1,steady_s,0.8105605682986361,0.002938716296131183,375;376;377;378;379
T,hs_n18,upmem_d1_t15_serial_nodes_v1_0_f32,upmem,1,False,panel_only_v1,split_complex_float32_v1,serial_nodes_v1,15,1,session_close_s,0.0020479031152095444,5.800857118456928e-05,375;376;377;378;379
T,hs_n18,upmem_d1_t16_serial_nodes_v1_0_f32,upmem,1,False,panel_only_v1,split_complex_float32_v1,serial_nodes_v1,16,1,session_open_s,0.1856438614227511,0.0017668489511677987,381;382;383;384;385
T,hs_n18,upmem_d1_t16_serial_nodes_v1_0_f32,upmem,1,False,panel_only_v1,split_complex_float32_v1,serial_nodes_v1,16,1,steady_s,0.8122198235668637,0.001988313348270765,381;382;383;384;385
T,hs_n18,upmem_d1_t16_serial_nodes_v1_0_f32,upmem,1,False,panel_only_v1,split_complex_float32_v1,serial_nodes_v1,16,1,session_close_s,0.0018989583317339713,8.182335971354624e-05,381;382;383;384;385
T,hs_n18,upmem_d1_t17_serial_nodes_v1_0_f32,upmem,1,False,panel_only_v1,split_complex_float32_v1,serial_nodes_v1,17,1,session_open_s,0.17943912395308503,0.00042635491148201865,387;388;389;390;391
T,hs_n18,upmem_d1_t17_serial_nodes_v1_0_f32,upmem,1,False,panel_only_v1,split_complex_float32_v1,serial_nodes_v1,17,1,steady_s,0.8187019745903554,0.00039929161310225947,387;388;389;390;391
T,hs_n18,upmem_d1_t17_serial_nodes_v1_0_f32,upmem,1,False,panel_only_v1,split_complex_float32_v1,serial_nodes_v1,17,1,session_close_s,0.0018859647549393178,3.0169245756998114e-05,387;388;389;390;391
T,hs_n18,upmem_d1_t18_serial_nodes_v1_0_f32,upmem,1,False,panel_only_v1,split_complex_float32_v1,serial_nodes_v1,18,1,session_open_s,0.18893846410649365,0.001978124201792525,393;394;395;396;397
T,hs_n18,upmem_d1_t18_serial_nodes_v1_0_f32,upmem,1,False,panel_only_v1,split_complex_float32_v1,serial_nodes_v1,18,1,steady_s,0.8085581125268747,0.0015294782583489264,393;394;395;396;397
T,hs_n18,upmem_d1_t18_serial_nodes_v1_0_f32,upmem,1,False,panel_only_v1,split_complex_float32_v1,serial_nodes_v1,18,1,session_close_s,0.0021103577518374237,5.709613561962401e-05,393;394;395;396;397
T,hs_n18,upmem_d1_t19_serial_nodes_v1_0_f32,upmem,1,False,panel_only_v1,split_complex_float32_v1,serial_nodes_v1,19,1,session_open_s,0.18475048739168876,0.0008775693557803721,399;400;401;402;403
T,hs_n18,upmem_d1_t19_serial_nodes_v1_0_f32,upmem,1,False,panel_only_v1,split_complex_float32_v1,serial_nodes_v1,19,1,steady_s,0.8134329492016348,0.00086137971967859,399;400;401;402;403
T,hs_n18,upmem_d1_t19_serial_nodes_v1_0_f32,upmem,1,False,panel_only_v1,split_complex_float32_v1,serial_nodes_v1,19,1,session_close_s,0.001942313353741298,0.0001257499470648793,399;400;401;402;403
T,hs_n18,upmem_d1_t1_serial_nodes_v1_0_f32,upmem,1,False,panel_only_v1,split_complex_float32_v1,serial_nodes_v1,1,1,session_open_s,0.09221321474403969,0.0006858883574507313,291;292;293;294;295
T,hs_n18,upmem_d1_t1_serial_nodes_v1_0_f32,upmem,1,False,panel_only_v1,split_complex_float32_v1,serial_nodes_v1,1,1,steady_s,0.9066615672790219,0.0006351291987910512,291;292;293;294;295
T,hs_n18,upmem_d1_t1_serial_nodes_v1_0_f32,upmem,1,False,panel_only_v1,split_complex_float32_v1,serial_nodes_v1,1,1,session_close_s,0.0010744588182787273,3.9054012634810254e-05,291;292;293;294;295
T,hs_n18,upmem_d1_t20_serial_nodes_v1_0_f32,upmem,1,False,panel_only_v1,split_complex_float32_v1,serial_nodes_v1,20,1,session_open_s,0.1860646045653837,0.0021989013102452215,405;406;407;408;409
T,hs_n18,upmem_d1_t20_serial_nodes_v1_0_f32,upmem,1,False,panel_only_v1,split_complex_float32_v1,serial_nodes_v1,20,1,steady_s,0.8116675931259003,0.0019304823252843661,405;406;407;408;409
T,hs_n18,upmem_d1_t20_serial_nodes_v1_0_f32,upmem,1,False,panel_only_v1,split_complex_float32_v1,serial_nodes_v1,20,1,session_close_s,0.001999383323755137,0.0001003226905037808,405;406;407;408;409
T,hs_n18,upmem_d1_t21_serial_nodes_v1_0_f32,upmem,1,False,panel_only_v1,split_complex_float32_v1,serial_nodes_v1,21,1,session_open_s,0.18549451511793777,0.0007560834344705891,411;412;413;414;415
T,hs_n18,upmem_d1_t21_serial_nodes_v1_0_f32,upmem,1,False,panel_only_v1,split_complex_float32_v1,serial_nodes_v1,21,1,steady_s,0.8126059881465327,0.0010917398082855856,411;412;413;414;415
T,hs_n18,upmem_d1_t21_serial_nodes_v1_0_f32,upmem,1,False,panel_only_v1,split_complex_float32_v1,serial_nodes_v1,21,1,session_close_s,0.0020833469796665105,0.0001518061296779654,411;412;413;414;415
T,hs_n18,upmem_d1_t22_serial_nodes_v1_0_f32,upmem,1,False,panel_only_v1,split_complex_float32_v1,serial_nodes_v1,22,1,session_open_s,0.1851435240739656,0.0009633703558018514,417;418;419;420;421
T,hs_n18,upmem_d1_t22_serial_nodes_v1_0_f32,upmem,1,False,panel_only_v1,split_complex_float32_v1,serial_nodes_v1,22,1,steady_s,0.8130299825852729,0.0006751176259520708,417;418;419;420;421
T,hs_n18,upmem_d1_t22_serial_nodes_v1_0_f32,upmem,1,False,panel_only_v1,split_complex_float32_v1,serial_nodes_v1,22,1,session_close_s,0.002079951431369467,7.42569790527863e-05,417;418;419;420;421
T,hs_n18,upmem_d1_t23_serial_nodes_v1_0_f32,upmem,1,False,panel_only_v1,split_complex_float32_v1,serial_nodes_v1,23,1,session_open_s,0.1839163134474914,0.0007791734156283869,423;424;425;426;427
T,hs_n18,upmem_d1_t23_serial_nodes_v1_0_f32,upmem,1,False,panel_only_v1,split_complex_float32_v1,serial_nodes_v1,23,1,steady_s,0.8139286879118556,0.0009233904827739003,423;424;425;426;427
T,hs_n18,upmem_d1_t23_serial_nodes_v1_0_f32,upmem,1,False,panel_only_v1,split_complex_float32_v1,serial_nodes_v1,23,1,session_close_s,0.0021498762875262964,6.825875112287947e-05,423;424;425;426;427
T,hs_n18,upmem_d1_t24_serial_nodes_v1_0_f32,upmem,1,False,panel_only_v1,split_complex_float32_v1,serial_nodes_v1,24,1,session_open_s,0.1796636925147421,0.0002594863075301157,429;430;431;432;433
T,hs_n18,upmem_d1_t24_serial_nodes_v1_0_f32,upmem,1,False,panel_only_v1,split_complex_float32_v1,serial_nodes_v1,24,1,steady_s,0.8182738140455468,0.00035382776474768285,429;430;431;432;433
T,hs_n18,upmem_d1_t24_serial_nodes_v1_0_f32,upmem,1,False,panel_only_v1,split_complex_float32_v1,serial_nodes_v1,24,1,session_close_s,0.0019681519824935618,0.00010310767801871871,429;430;431;432;433
T,hs_n18,upmem_d1_t2_serial_nodes_v1_0_f32,upmem,1,False,panel_only_v1,split_complex_float32_v1,serial_nodes_v1,2,1,session_open_s,0.12691092337725932,0.00013485242815033938,297;298;299;300;301
T,hs_n18,upmem_d1_t2_serial_nodes_v1_0_f32,upmem,1,False,panel_only_v1,split_complex_float32_v1,serial_nodes_v1,2,1,steady_s,0.8717068165831561,0.00012520974035545862,297;298;299;300;301
T,hs_n18,upmem_d1_t2_serial_nodes_v1_0_f32,upmem,1,False,panel_only_v1,split_complex_float32_v1,serial_nodes_v1,2,1,session_close_s,0.0014020281594268502,1.976811984223713e-05,297;298;299;300;301
T,hs_n18,upmem_d1_t3_serial_nodes_v1_0_f32,upmem,1,False,panel_only_v1,split_complex_float32_v1,serial_nodes_v1,3,1,session_open_s,0.147474280964101,0.00024363638900995466,303;304;305;306;307
T,hs_n18,upmem_d1_t3_serial_nodes_v1_0_f32,upmem,1,False,panel_only_v1,split_complex_float32_v1,serial_nodes_v1,3,1,steady_s,0.8508393943361977,0.000410302305685617,303;304;305;306;307
T,hs_n18,upmem_d1_t3_serial_nodes_v1_0_f32,upmem,1,False,panel_only_v1,split_complex_float32_v1,serial_nodes_v1,3,1,session_close_s,0.0016863246997012307,3.920030310995562e-05,303;304;305;306;307
T,hs_n18,upmem_d1_t4_serial_nodes_v1_0_f32,upmem,1,False,panel_only_v1,split_complex_float32_v1,serial_nodes_v1,4,1,session_open_s,0.15861033425001872,0.0006651520332729144,309;310;311;312;313
T,hs_n18,upmem_d1_t4_serial_nodes_v1_0_f32,upmem,1,False,panel_only_v1,split_complex_float32_v1,serial_nodes_v1,4,1,steady_s,0.8396719256671002,0.0007478230245288042,309;310;311;312;313
T,hs_n18,upmem_d1_t4_serial_nodes_v1_0_f32,upmem,1,False,panel_only_v1,split_complex_float32_v1,serial_nodes_v1,4,1,session_close_s,0.001800411074136939,0.00012925198742129158,309;310;311;312;313
T,hs_n18,upmem_d1_t5_serial_nodes_v1_0_f32,upmem,1,False,panel_only_v1,split_complex_float32_v1,serial_nodes_v1,5,1,session_open_s,0.1675723442692189,0.0031692971040284124,315;316;317;318;319
T,hs_n18,upmem_d1_t5_serial_nodes_v1_0_f32,upmem,1,False,panel_only_v1,split_complex_float32_v1,serial_nodes_v1,5,1,steady_s,0.8305191488742288,0.003386544821544102,315;316;317;318;319
T,hs_n18,upmem_d1_t5_serial_nodes_v1_0_f32,upmem,1,False,panel_only_v1,split_complex_float32_v1,serial_nodes_v1,5,1,session_close_s,0.0018934795121888146,3.664936056040546e-05,315;316;317;318;319
T,hs_n18,upmem_d1_t6_serial_nodes_v1_0_f32,upmem,1,False,panel_only_v1,split_complex_float32_v1,serial_nodes_v1,6,1,session_open_s,0.17308380339772533,0.0012325015000183293,321;322;323;324;325
T,hs_n18,upmem_d1_t6_serial_nodes_v1_0_f32,upmem,1,False,panel_only_v1,split_complex_float32_v1,serial_nodes_v1,6,1,steady_s,0.8251785511182065,0.0009404590655581746,321;322;323;324;325
T,hs_n18,upmem_d1_t6_serial_nodes_v1_0_f32,upmem,1,False,panel_only_v1,split_complex_float32_v1,serial_nodes_v1,6,1,session_close_s,0.0019353528703848699,9.433504814343875e-05,321;322;323;324;325
T,hs_n18,upmem_d1_t7_serial_nodes_v1_0_f32,upmem,1,False,panel_only_v1,split_complex_float32_v1,serial_nodes_v1,7,1,session_open_s,0.17754508129576108,0.0019528442745367913,327;328;329;330;331
T,hs_n18,upmem_d1_t7_serial_nodes_v1_0_f32,upmem,1,False,panel_only_v1,split_complex_float32_v1,serial_nodes_v1,7,1,steady_s,0.8203834949642584,0.0022562625420575744,327;328;329;330;331
T,hs_n18,upmem_d1_t7_serial_nodes_v1_0_f32,upmem,1,False,panel_only_v1,split_complex_float32_v1,serial_nodes_v1,7,1,session_close_s,0.00199229823141037,7.912550857016969e-05,327;328;329;330;331
T,hs_n18,upmem_d1_t8_serial_nodes_v1_0_f32,upmem,1,False,panel_only_v1,split_complex_float32_v1,serial_nodes_v1,8,1,session_open_s,0.17979053411737544,0.0013468441845538304,333;334;335;336;337
T,hs_n18,upmem_d1_t8_serial_nodes_v1_0_f32,upmem,1,False,panel_only_v1,split_complex_float32_v1,serial_nodes_v1,8,1,steady_s,0.8183497243558071,0.0010978263073622152,333;334;335;336;337
T,hs_n18,upmem_d1_t8_serial_nodes_v1_0_f32,upmem,1,False,panel_only_v1,split_complex_float32_v1,serial_nodes_v1,8,1,session_close_s,0.0021087594040091005,0.00013770245561387472,333;334;335;336;337
T,hs_n18,upmem_d1_t9_serial_nodes_v1_0_f32,upmem,1,False,panel_only_v1,split_complex_float32_v1,serial_nodes_v1,9,1,session_open_s,0.18441613849246338,0.0019624006645554137,339;340;341;342;343
T,hs_n18,upmem_d1_t9_serial_nodes_v1_0_f32,upmem,1,False,panel_only_v1,split_complex_float32_v1,serial_nodes_v1,9,1,steady_s,0.8136557484805366,0.0020725017001017587,339;340;341;342;343
T,hs_n18,upmem_d1_t9_serial_nodes_v1_0_f32,upmem,1,False,panel_only_v1,split_complex_float32_v1,serial_nodes_v1,9,1,session_close_s,0.0019512245111749863,8.698955137144524e-05,339;340;341;342;343
T,stress_n16_l2,upmem_d1_t10_serial_nodes_v1_0_f32,upmem,1,False,panel_only_v1,split_complex_float32_v1,serial_nodes_v1,10,1,session_open_s,0.140568250324312,0.002607749428048506,489;490;491;492;493
T,stress_n16_l2,upmem_d1_t10_serial_nodes_v1_0_f32,upmem,1,False,panel_only_v1,split_complex_float32_v1,serial_nodes_v1,10,1,steady_s,0.8577912538722426,0.002559117375199982,489;490;491;492;493
T,stress_n16_l2,upmem_d1_t10_serial_nodes_v1_0_f32,upmem,1,False,panel_only_v1,split_complex_float32_v1,serial_nodes_v1,10,1,session_close_s,0.0015918637505968173,4.8632052848551766e-05,489;490;491;492;493
T,stress_n16_l2,upmem_d1_t11_serial_nodes_v1_0_f32,upmem,1,False,panel_only_v1,split_complex_float32_v1,serial_nodes_v1,11,1,session_open_s,0.1424108320460594,0.0013759820770225528,495;496;497;498;499
T,stress_n16_l2,upmem_d1_t11_serial_nodes_v1_0_f32,upmem,1,False,panel_only_v1,split_complex_float32_v1,serial_nodes_v1,11,1,steady_s,0.855904702604856,0.001547176788656346,495;496;497;498;499
T,stress_n16_l2,upmem_d1_t11_serial_nodes_v1_0_f32,upmem,1,False,panel_only_v1,split_complex_float32_v1,serial_nodes_v1,11,1,session_close_s,0.001684465349084624,0.00017119471163381042,495;496;497;498;499
T,stress_n16_l2,upmem_d1_t12_serial_nodes_v1_0_f32,upmem,1,False,panel_only_v1,split_complex_float32_v1,serial_nodes_v1,12,1,session_open_s,0.14092570415191105,0.0011653608750193944,501;502;503;504;505
T,stress_n16_l2,upmem_d1_t12_serial_nodes_v1_0_f32,upmem,1,False,panel_only_v1,split_complex_float32_v1,serial_nodes_v1,12,1,steady_s,0.8575522934049884,0.0011062588013003305,501;502;503;504;505
T,stress_n16_l2,upmem_d1_t12_serial_nodes_v1_0_f32,upmem,1,False,panel_only_v1,split_complex_float32_v1,serial_nodes_v1,12,1,session_close_s,0.0015622541335082157,4.025169040768918e-05,501;502;503;504;505
T,stress_n16_l2,upmem_d1_t13_serial_nodes_v1_0_f32,upmem,1,False,panel_only_v1,split_complex_float32_v1,serial_nodes_v1,13,1,session_open_s,0.13720975564194374,0.0002400867235310411,507;508;509;510;511
T,stress_n16_l2,upmem_d1_t13_serial_nodes_v1_0_f32,upmem,1,False,panel_only_v1,split_complex_float32_v1,serial_nodes_v1,13,1,steady_s,0.8611892240654602,0.00023990214850933,507;508;509;510;511
T,stress_n16_l2,upmem_d1_t13_serial_nodes_v1_0_f32,upmem,1,False,panel_only_v1,split_complex_float32_v1,serial_nodes_v1,13,1,session_close_s,0.0016010202925961425,9.896588765697148e-05,507;508;509;510;511
T,stress_n16_l2,upmem_d1_t14_serial_nodes_v1_0_f32,upmem,1,False,panel_only_v1,split_complex_float32_v1,serial_nodes_v1,14,1,session_open_s,0.1352809057955679,0.0013791487805932257,513;514;515;516;517
T,stress_n16_l2,upmem_d1_t14_serial_nodes_v1_0_f32,upmem,1,False,panel_only_v1,split_complex_float32_v1,serial_nodes_v1,14,1,steady_s,0.8632069032315176,0.001328965675940208,513;514;515;516;517
T,stress_n16_l2,upmem_d1_t14_serial_nodes_v1_0_f32,upmem,1,False,panel_only_v1,split_complex_float32_v1,serial_nodes_v1,14,1,session_close_s,0.0015121909729145229,5.018310465304044e-05,513;514;515;516;517
T,stress_n16_l2,upmem_d1_t15_serial_nodes_v1_0_f32,upmem,1,False,panel_only_v1,split_complex_float32_v1,serial_nodes_v1,15,1,session_open_s,0.13276848667968172,0.001978874643627032,519;520;521;522;523
T,stress_n16_l2,upmem_d1_t15_serial_nodes_v1_0_f32,upmem,1,False,panel_only_v1,split_complex_float32_v1,serial_nodes_v1,15,1,steady_s,0.8656509040757581,0.0021219280587930767,519;520;521;522;523
T,stress_n16_l2,upmem_d1_t15_serial_nodes_v1_0_f32,upmem,1,False,panel_only_v1,split_complex_float32_v1,serial_nodes_v1,15,1,session_close_s,0.0015913433599680981,7.074891013773496e-05,519;520;521;522;523
T,stress_n16_l2,upmem_d1_t16_serial_nodes_v1_0_f32,upmem,1,False,panel_only_v1,split_complex_float32_v1,serial_nodes_v1,16,1,session_open_s,0.15209341177234575,0.0021542327702523123,525;526;527;528;529
T,stress_n16_l2,upmem_d1_t16_serial_nodes_v1_0_f32,upmem,1,False,panel_only_v1,split_complex_float32_v1,serial_nodes_v1,16,1,steady_s,0.8461196586261224,0.0023204485351161486,525;526;527;528;529
T,stress_n16_l2,upmem_d1_t16_serial_nodes_v1_0_f32,upmem,1,False,panel_only_v1,split_complex_float32_v1,serial_nodes_v1,16,1,session_close_s,0.0017869296015318346,8.192619025447728e-05,525;526;527;528;529
T,stress_n16_l2,upmem_d1_t17_serial_nodes_v1_0_f32,upmem,1,False,panel_only_v1,split_complex_float32_v1,serial_nodes_v1,17,1,session_open_s,0.15539494380638544,0.0012147154882832245,531;532;533;534;535
T,stress_n16_l2,upmem_d1_t17_serial_nodes_v1_0_f32,upmem,1,False,panel_only_v1,split_complex_float32_v1,serial_nodes_v1,17,1,steady_s,0.8427974324785987,0.0011364921459221522,531;532;533;534;535
T,stress_n16_l2,upmem_d1_t17_serial_nodes_v1_0_f32,upmem,1,False,panel_only_v1,split_complex_float32_v1,serial_nodes_v1,17,1,session_close_s,0.0017757299981593438,4.391394273615371e-05,531;532;533;534;535
T,stress_n16_l2,upmem_d1_t18_serial_nodes_v1_0_f32,upmem,1,False,panel_only_v1,split_complex_float32_v1,serial_nodes_v1,18,1,session_open_s,0.15354297994085978,0.0004998146664962899,537;538;539;540;541
T,stress_n16_l2,upmem_d1_t18_serial_nodes_v1_0_f32,upmem,1,False,panel_only_v1,split_complex_float32_v1,serial_nodes_v1,18,1,steady_s,0.8447945617754978,0.0005186692187618691,537;538;539;540;541
T,stress_n16_l2,upmem_d1_t18_serial_nodes_v1_0_f32,upmem,1,False,panel_only_v1,split_complex_float32_v1,serial_nodes_v1,18,1,session_close_s,0.001681312835907983,2.961851770064876e-05,537;538;539;540;541
T,stress_n16_l2,upmem_d1_t19_serial_nodes_v1_0_f32,upmem,1,False,panel_only_v1,split_complex_float32_v1,serial_nodes_v1,19,1,session_open_s,0.15178186622754014,0.0033863459277215235,543;544;545;546;547
T,stress_n16_l2,upmem_d1_t19_serial_nodes_v1_0_f32,upmem,1,False,panel_only_v1,split_complex_float32_v1,serial_nodes_v1,19,1,steady_s,0.8463768173075722,0.0034649061407693305,543;544;545;546;547
T,stress_n16_l2,upmem_d1_t19_serial_nodes_v1_0_f32,upmem,1,False,panel_only_v1,split_complex_float32_v1,serial_nodes_v1,19,1,session_close_s,0.0016900296934177288,6.837356110235776e-05,543;544;545;546;547
T,stress_n16_l2,upmem_d1_t1_serial_nodes_v1_0_f32,upmem,1,False,panel_only_v1,split_complex_float32_v1,serial_nodes_v1,1,1,session_open_s,0.043677644230468715,0.0002965918988780125,435;436;437;438;439
T,stress_n16_l2,upmem_d1_t1_serial_nodes_v1_0_f32,upmem,1,False,panel_only_v1,split_complex_float32_v1,serial_nodes_v1,1,1,steady_s,0.955845897752291,0.0002487462019172826,435;436;437;438;439
T,stress_n16_l2,upmem_d1_t1_serial_nodes_v1_0_f32,upmem,1,False,panel_only_v1,split_complex_float32_v1,serial_nodes_v1,1,1,session_close_s,0.0004940706210168078,1.5200450471542545e-05,435;436;437;438;439
T,stress_n16_l2,upmem_d1_t20_serial_nodes_v1_0_f32,upmem,1,False,panel_only_v1,split_complex_float32_v1,serial_nodes_v1,20,1,session_open_s,0.15249132759370046,0.0014799504331082236,549;550;551;552;553
T,stress_n16_l2,upmem_d1_t20_serial_nodes_v1_0_f32,upmem,1,False,panel_only_v1,split_complex_float32_v1,serial_nodes_v1,20,1,steady_s,0.8457417707478616,0.0015422276507881527,549;550;551;552;553
T,stress_n16_l2,upmem_d1_t20_serial_nodes_v1_0_f32,upmem,1,False,panel_only_v1,split_complex_float32_v1,serial_nodes_v1,20,1,session_close_s,0.0017046244407579588,6.764837302465848e-05,549;550;551;552;553
T,stress_n16_l2,upmem_d1_t21_serial_nodes_v1_0_f32,upmem,1,False,panel_only_v1,split_complex_float32_v1,serial_nodes_v1,21,1,session_open_s,0.1527077420386222,0.0020119955958433355,555;556;557;558;559
T,stress_n16_l2,upmem_d1_t21_serial_nodes_v1_0_f32,upmem,1,False,panel_only_v1,split_complex_float32_v1,serial_nodes_v1,21,1,steady_s,0.845527636300952,0.001992240373568599,555;556;557;558;559
T,stress_n16_l2,upmem_d1_t21_serial_nodes_v1_0_f32,upmem,1,False,panel_only_v1,split_complex_float32_v1,serial_nodes_v1,21,1,session_close_s,0.0017448664381511181,5.1772821812066374e-05,555;556;557;558;559
T,stress_n16_l2,upmem_d1_t22_serial_nodes_v1_0_f32,upmem,1,False,panel_only_v1,split_complex_float32_v1,serial_nodes_v1,22,1,session_open_s,0.15372770648589132,0.00032525213106257556,561;562;563;564;565
T,stress_n16_l2,upmem_d1_t22_serial_nodes_v1_0_f32,upmem,1,False,panel_only_v1,split_complex_float32_v1,serial_nodes_v1,22,1,steady_s,0.8446169344011687,0.0004543473620381988,561;562;563;564;565
T,stress_n16_l2,upmem_d1_t22_serial_nodes_v1_0_f32,upmem,1,False,panel_only_v1,split_complex_float32_v1,serial_nodes_v1,22,1,session_close_s,0.0016819561367184793,3.325719639268518e-05,561;562;563;564;565
T,stress_n16_l2,upmem_d1_t23_serial_nodes_v1_0_f32,upmem,1,False,panel_only_v1,split_complex_float32_v1,serial_nodes_v1,23,1,session_open_s,0.1548128446886246,0.00123146146419148,567;568;569;570;571
T,stress_n16_l2,upmem_d1_t23_serial_nodes_v1_0_f32,upmem,1,False,panel_only_v1,split_complex_float32_v1,serial_nodes_v1,23,1,steady_s,0.8433620320753896,0.001370690131804131,567;568;569;570;571
T,stress_n16_l2,upmem_d1_t23_serial_nodes_v1_0_f32,upmem,1,False,panel_only_v1,split_complex_float32_v1,serial_nodes_v1,23,1,session_close_s,0.0016884415208380352,6.273263017988508e-05,567;568;569;570;571
T,stress_n16_l2,upmem_d1_t24_serial_nodes_v1_0_f32,upmem,1,False,panel_only_v1,split_complex_float32_v1,serial_nodes_v1,24,1,session_open_s,0.1542712923031097,0.0007228882198966335,573;574;575;576;577
T,stress_n16_l2,upmem_d1_t24_serial_nodes_v1_0_f32,upmem,1,False,panel_only_v1,split_complex_float32_v1,serial_nodes_v1,24,1,steady_s,0.8438628742006807,0.00045814135514821164,573;574;575;576;577
T,stress_n16_l2,upmem_d1_t24_serial_nodes_v1_0_f32,upmem,1,False,panel_only_v1,split_complex_float32_v1,serial_nodes_v1,24,1,session_close_s,0.0018279028242805867,8.764471212711726e-05,573;574;575;576;577
T,stress_n16_l2,upmem_d1_t2_serial_nodes_v1_0_f32,upmem,1,False,panel_only_v1,split_complex_float32_v1,serial_nodes_v1,2,1,session_open_s,0.07269278126476786,0.000490784910189182,441;442;443;444;445
T,stress_n16_l2,upmem_d1_t2_serial_nodes_v1_0_f32,upmem,1,False,panel_only_v1,split_complex_float32_v1,serial_nodes_v1,2,1,steady_s,0.9264478329329817,0.0004955844267502396,441;442;443;444;445
T,stress_n16_l2,upmem_d1_t2_serial_nodes_v1_0_f32,upmem,1,False,panel_only_v1,split_complex_float32_v1,serial_nodes_v1,2,1,session_close_s,0.0008545862856894081,1.6910609170190825e-05,441;442;443;444;445
T,stress_n16_l2,upmem_d1_t3_serial_nodes_v1_0_f32,upmem,1,False,panel_only_v1,split_complex_float32_v1,serial_nodes_v1,3,1,session_open_s,0.0852164916901549,0.000465851121398686,447;448;449;450;451
T,stress_n16_l2,upmem_d1_t3_serial_nodes_v1_0_f32,upmem,1,False,panel_only_v1,split_complex_float32_v1,serial_nodes_v1,3,1,steady_s,0.9138166310263581,0.0004422660062709527,447;448;449;450;451
T,stress_n16_l2,upmem_d1_t3_serial_nodes_v1_0_f32,upmem,1,False,panel_only_v1,split_complex_float32_v1,serial_nodes_v1,3,1,session_close_s,0.0009668772834869525,2.6614236851317963e-05,447;448;449;450;451
T,stress_n16_l2,upmem_d1_t4_serial_nodes_v1_0_f32,upmem,1,False,panel_only_v1,split_complex_float32_v1,serial_nodes_v1,4,1,session_open_s,0.10617615827519535,0.0005109251911806084,453;454;455;456;457
T,stress_n16_l2,upmem_d1_t4_serial_nodes_v1_0_f32,upmem,1,False,panel_only_v1,split_complex_float32_v1,serial_nodes_v1,4,1,steady_s,0.892540358574976,0.0004675122554864686,453;454;455;456;457
T,stress_n16_l2,upmem_d1_t4_serial_nodes_v1_0_f32,upmem,1,False,panel_only_v1,split_complex_float32_v1,serial_nodes_v1,4,1,session_close_s,0.001297782020080902,2.9114065441893013e-05,453;454;455;456;457
T,stress_n16_l2,upmem_d1_t5_serial_nodes_v1_0_f32,upmem,1,False,panel_only_v1,split_complex_float32_v1,serial_nodes_v1,5,1,session_open_s,0.10877276164450882,0.0009235531322479007,459;460;461;462;463
T,stress_n16_l2,upmem_d1_t5_serial_nodes_v1_0_f32,upmem,1,False,panel_only_v1,split_complex_float32_v1,serial_nodes_v1,5,1,steady_s,0.8899483033531269,0.0008567578613661864,459;460;461;462;463
T,stress_n16_l2,upmem_d1_t5_serial_nodes_v1_0_f32,upmem,1,False,panel_only_v1,split_complex_float32_v1,serial_nodes_v1,5,1,session_close_s,0.0012121397314825335,4.7783488538116455e-05,459;460;461;462;463
T,stress_n16_l2,upmem_d1_t6_serial_nodes_v1_0_f32,upmem,1,False,panel_only_v1,split_complex_float32_v1,serial_nodes_v1,6,1,session_open_s,0.12127560726107438,0.0003668274738431593,465;466;467;468;469
T,stress_n16_l2,upmem_d1_t6_serial_nodes_v1_0_f32,upmem,1,False,panel_only_v1,split_complex_float32_v1,serial_nodes_v1,6,1,steady_s,0.8773376844251322,0.0004940357392320127,465;466;467;468;469
T,stress_n16_l2,upmem_d1_t6_serial_nodes_v1_0_f32,upmem,1,False,panel_only_v1,split_complex_float32_v1,serial_nodes_v1,6,1,session_close_s,0.0013867083137934582,0.00010834625028810648,465;466;467;468;469
T,stress_n16_l2,upmem_d1_t7_serial_nodes_v1_0_f32,upmem,1,False,panel_only_v1,split_complex_float32_v1,serial_nodes_v1,7,1,session_open_s,0.11955282302288275,0.000811771673333489,471;472;473;474;475
T,stress_n16_l2,upmem_d1_t7_serial_nodes_v1_0_f32,upmem,1,False,panel_only_v1,split_complex_float32_v1,serial_nodes_v1,7,1,steady_s,0.8790934567802439,0.0006742995026398635,471;472;473;474;475
T,stress_n16_l2,upmem_d1_t7_serial_nodes_v1_0_f32,upmem,1,False,panel_only_v1,split_complex_float32_v1,serial_nodes_v1,7,1,session_close_s,0.0013537201968733337,1.1999717308153364e-05,471;472;473;474;475
T,stress_n16_l2,upmem_d1_t8_serial_nodes_v1_0_f32,upmem,1,False,panel_only_v1,split_complex_float32_v1,serial_nodes_v1,8,1,session_open_s,0.13629499668816444,0.0002128534082596334,477;478;479;480;481
T,stress_n16_l2,upmem_d1_t8_serial_nodes_v1_0_f32,upmem,1,False,panel_only_v1,split_complex_float32_v1,serial_nodes_v1,8,1,steady_s,0.8622381817500226,0.00020718988711443398,477;478;479;480;481
T,stress_n16_l2,upmem_d1_t8_serial_nodes_v1_0_f32,upmem,1,False,panel_only_v1,split_complex_float32_v1,serial_nodes_v1,8,1,session_close_s,0.0015418713514055052,6.191422970167537e-05,477;478;479;480;481
T,stress_n16_l2,upmem_d1_t9_serial_nodes_v1_0_f32,upmem,1,False,panel_only_v1,split_complex_float32_v1,serial_nodes_v1,9,1,session_open_s,0.13979354179566622,0.0016202286313137526,483;484;485;486;487
T,stress_n16_l2,upmem_d1_t9_serial_nodes_v1_0_f32,upmem,1,False,panel_only_v1,split_complex_float32_v1,serial_nodes_v1,9,1,steady_s,0.8586718748866597,0.001643544237661776,483;484;485;486;487
T,stress_n16_l2,upmem_d1_t9_serial_nodes_v1_0_f32,upmem,1,False,panel_only_v1,split_complex_float32_v1,serial_nodes_v1,9,1,session_close_s,0.0014787922172056365,2.1352754921016197e-05,483;484;485;486;487
W,bb84_n08,upmem_d64_t24_static_dag_waves_v1_1_f32,upmem,64,True,panel_only_v1,split_complex_float32_v1,static_dag_waves_v1,24,1,session_open_s,0.41369148668626793,0.013127210302686598,579;580;581;582;583
W,bb84_n08,upmem_d64_t24_static_dag_waves_v1_1_f32,upmem,64,True,panel_only_v1,split_complex_float32_v1,static_dag_waves_v1,24,1,steady_s,0.568695454243159,0.013345295494806453,579;580;581;582;583
W,bb84_n08,upmem_d64_t24_static_dag_waves_v1_1_f32,upmem,64,True,panel_only_v1,split_complex_float32_v1,static_dag_waves_v1,24,1,session_close_s,0.017613059070572975,0.00035904937418845123,579;580;581;582;583
W,bb84_n12,upmem_d64_t24_static_dag_waves_v1_1_f32,upmem,64,True,panel_only_v1,split_complex_float32_v1,static_dag_waves_v1,24,1,session_open_s,0.4047713815571997,0.000984494735407404,603;604;605;606;607
W,bb84_n12,upmem_d64_t24_static_dag_waves_v1_1_f32,upmem,64,True,panel_only_v1,split_complex_float32_v1,static_dag_waves_v1,24,1,steady_s,0.5802844357649211,0.0013425866860466984,603;604;605;606;607
W,bb84_n12,upmem_d64_t24_static_dag_waves_v1_1_f32,upmem,64,True,panel_only_v1,split_complex_float32_v1,static_dag_waves_v1,24,1,session_close_s,0.014944182677879256,0.0007603225172072223,603;604;605;606;607
W,bb84_n16,upmem_d64_t24_static_dag_waves_v1_1_f32,upmem,64,True,panel_only_v1,split_complex_float32_v1,static_dag_waves_v1,24,1,session_open_s,0.2621564048428665,0.007912896994849317,627;628;629;630;631
W,bb84_n16,upmem_d64_t24_static_dag_waves_v1_1_f32,upmem,64,True,panel_only_v1,split_complex_float32_v1,static_dag_waves_v1,24,1,steady_s,0.7308969247200569,0.00815969910291603,627;628;629;630;631
W,bb84_n16,upmem_d64_t24_static_dag_waves_v1_1_f32,upmem,64,True,panel_only_v1,split_complex_float32_v1,static_dag_waves_v1,24,1,session_close_s,0.007892483763033354,0.00042986443561463493,627;628;629;630;631
W,bb84_n18,upmem_d64_t24_static_dag_waves_v1_1_f32,upmem,64,True,panel_only_v1,split_complex_float32_v1,static_dag_waves_v1,24,1,session_open_s,0.2327290881633561,0.0032947797819553593,651;652;653;654;655
W,bb84_n18,upmem_d64_t24_static_dag_waves_v1_1_f32,upmem,64,True,panel_only_v1,split_complex_float32_v1,static_dag_waves_v1,24,1,steady_s,0.7596852382014625,0.004354164105676683,651;652;653;654;655
W,bb84_n18,upmem_d64_t24_static_dag_waves_v1_1_f32,upmem,64,True,panel_only_v1,split_complex_float32_v1,static_dag_waves_v1,24,1,session_close_s,0.007167063266595525,0.00046361544838293897,651;652;653;654;655
W,bb84_n20,upmem_d64_t24_static_dag_waves_v1_1_f32,upmem,64,True,panel_only_v1,split_complex_float32_v1,static_dag_waves_v1,24,1,session_open_s,0.12879201213402075,0.0018818110155349455,675;676;677;678;679
W,bb84_n20,upmem_d64_t24_static_dag_waves_v1_1_f32,upmem,64,True,panel_only_v1,split_complex_float32_v1,static_dag_waves_v1,24,1,steady_s,0.8673588364058054,0.0019316259699231342,675;676;677;678;679
W,bb84_n20,upmem_d64_t24_static_dag_waves_v1_1_f32,upmem,64,True,panel_only_v1,split_complex_float32_v1,static_dag_waves_v1,24,1,session_close_s,0.003735546753196267,0.00012411403623396877,675;676;677;678;679
W,bb84_n22,upmem_d64_t24_static_dag_waves_v1_1_f32,upmem,64,True,panel_only_v1,split_complex_float32_v1,static_dag_waves_v1,24,1,session_open_s,0.049616449184094344,0.0012500742552530794,687;688;689;690;691
W,bb84_n22,upmem_d64_t24_static_dag_waves_v1_1_f32,upmem,64,True,panel_only_v1,split_complex_float32_v1,static_dag_waves_v1,24,1,steady_s,0.949083887197275,0.0008983397827635464,687;688;689;690;691
W,bb84_n22,upmem_d64_t24_static_dag_waves_v1_1_f32,upmem,64,True,panel_only_v1,split_complex_float32_v1,static_dag_waves_v1,24,1,session_close_s,0.0013123587933157868,8.205716392052404e-05,687;688;689;690;691
W,bb84_n24,upmem_d64_t24_static_dag_waves_v1_1_f32,upmem,64,True,panel_only_v1,split_complex_float32_v1,static_dag_waves_v1,24,1,session_open_s,0.017926572458926135,0.0003327379003320169,699;700;701;702;703
W,bb84_n24,upmem_d64_t24_static_dag_waves_v1_1_f32,upmem,64,True,panel_only_v1,split_complex_float32_v1,static_dag_waves_v1,24,1,steady_s,0.9815902530372178,0.00029977828902783,699;700;701;702;703
W,bb84_n24,upmem_d64_t24_static_dag_waves_v1_1_f32,upmem,64,True,panel_only_v1,split_complex_float32_v1,static_dag_waves_v1,24,1,session_close_s,0.00045021489255184894,1.2136084915856079e-05,699;700;701;702;703
W,bv_n08,upmem_d64_t24_static_dag_waves_v1_1_f32,upmem,64,True,panel_only_v1,split_complex_float32_v1,static_dag_waves_v1,24,1,session_open_s,0.3625370364024304,0.023925845841931248,723;724;725;726;727
W,bv_n08,upmem_d64_t24_static_dag_waves_v1_1_f32,upmem,64,True,panel_only_v1,split_complex_float32_v1,static_dag_waves_v1,24,1,steady_s,0.6262727916044607,0.023861450526620476,723;724;725;726;727
W,bv_n08,upmem_d64_t24_static_dag_waves_v1_1_f32,upmem,64,True,panel_only_v1,split_complex_float32_v1,static_dag_waves_v1,24,1,session_close_s,0.011254567308419679,0.0009013823019878991,723;724;725;726;727
W,bv_n12,upmem_d64_t24_static_dag_waves_v1_1_f32,upmem,64,True,panel_only_v1,split_complex_float32_v1,static_dag_waves_v1,24,1,session_open_s,0.3597062873945653,0.0183538397173465,747;748;749;750;751
W,bv_n12,upmem_d64_t24_static_dag_waves_v1_1_f32,upmem,64,True,panel_only_v1,split_complex_float32_v1,static_dag_waves_v1,24,1,steady_s,0.6303718433843971,0.019137838484960756,747;748;749;750;751
W,bv_n12,upmem_d64_t24_static_dag_waves_v1_1_f32,upmem,64,True,panel_only_v1,split_complex_float32_v1,static_dag_waves_v1,24,1,session_close_s,0.009865871946774518,0.00045950877123780536,747;748;749;750;751
W,bv_n16,upmem_d64_t24_static_dag_waves_v1_1_f32,upmem,64,True,panel_only_v1,split_complex_float32_v1,static_dag_waves_v1,24,1,session_open_s,0.29425022324455996,0.004380336119964912,771;772;773;774;775
W,bv_n16,upmem_d64_t24_static_dag_waves_v1_1_f32,upmem,64,True,panel_only_v1,split_complex_float32_v1,static_dag_waves_v1,24,1,steady_s,0.6992830611320195,0.0038228553471101323,771;772;773;774;775
W,bv_n16,upmem_d64_t24_static_dag_waves_v1_1_f32,upmem,64,True,panel_only_v1,split_complex_float32_v1,static_dag_waves_v1,24,1,session_close_s,0.006343268559356614,0.00032172667355532744,771;772;773;774;775
W,bv_n18,upmem_d64_t24_static_dag_waves_v1_1_f32,upmem,64,True,panel_only_v1,split_complex_float32_v1,static_dag_waves_v1,24,1,session_open_s,0.2550518748631629,0.006011678457984143,795;796;797;798;799
W,bv_n18,upmem_d64_t24_static_dag_waves_v1_1_f32,upmem,64,True,panel_only_v1,split_complex_float32_v1,static_dag_waves_v1,24,1,steady_s,0.7403817682389421,0.005893954595163287,795;796;797;798;799
W,bv_n18,upmem_d64_t24_static_dag_waves_v1_1_f32,upmem,64,True,panel_only_v1,split_complex_float32_v1,static_dag_waves_v1,24,1,session_close_s,0.0050042395488960455,0.00042198929501063333,795;796;797;798;799
W,bv_n20,upmem_d64_t24_static_dag_waves_v1_1_f32,upmem,64,True,panel_only_v1,split_complex_float32_v1,static_dag_waves_v1,24,1,session_open_s,0.17221096647202302,0.003508001676066741,819;820;821;822;823
W,bv_n20,upmem_d64_t24_static_dag_waves_v1_1_f32,upmem,64,True,panel_only_v1,split_complex_float32_v1,static_dag_waves_v1,24,1,steady_s,0.8247888590617546,0.003686165395815011,819;820;821;822;823
W,bv_n20,upmem_d64_t24_static_dag_waves_v1_1_f32,upmem,64,True,panel_only_v1,split_complex_float32_v1,static_dag_waves_v1,24,1,session_close_s,0.003044698054407796,8.133932418498977e-05,819;820;821;822;823
W,bv_n22,upmem_d64_t24_static_dag_waves_v1_1_f32,upmem,64,True,panel_only_v1,split_complex_float32_v1,static_dag_waves_v1,24,1,session_open_s,0.08291453497791622,0.0010106096057152097,831;832;833;834;835
W,bv_n22,upmem_d64_t24_static_dag_waves_v1_1_f32,upmem,64,True,panel_only_v1,split_complex_float32_v1,static_dag_waves_v1,24,1,steady_s,0.915946845176356,0.000956677053559285,831;832;833;834;835
W,bv_n22,upmem_d64_t24_static_dag_waves_v1_1_f32,upmem,64,True,panel_only_v1,split_complex_float32_v1,static_dag_waves_v1,24,1,session_close_s,0.0011925523978836442,4.877157392847373e-06,831;832;833;834;835
W,bv_n24,upmem_d64_t24_static_dag_waves_v1_1_f32,upmem,64,True,panel_only_v1,split_complex_float32_v1,static_dag_waves_v1,24,1,session_open_s,0.030149743877391773,0.0004259512554229544,843;844;845;846;847
W,bv_n24,upmem_d64_t24_static_dag_waves_v1_1_f32,upmem,64,True,panel_only_v1,split_complex_float32_v1,static_dag_waves_v1,24,1,steady_s,0.9694266594592531,0.0004251796933809615,843;844;845;846;847
W,bv_n24,upmem_d64_t24_static_dag_waves_v1_1_f32,upmem,64,True,panel_only_v1,split_complex_float32_v1,static_dag_waves_v1,24,1,session_close_s,0.00042972208035570083,1.6480596627819772e-05,843;844;845;846;847
W,edc_n07,upmem_d64_t24_static_dag_waves_v1_1_f32,upmem,64,True,panel_only_v1,split_complex_float32_v1,static_dag_waves_v1,24,1,session_open_s,0.34591439841035637,0.005737094958882583,867;868;869;870;871
W,edc_n07,upmem_d64_t24_static_dag_waves_v1_1_f32,upmem,64,True,panel_only_v1,split_complex_float32_v1,static_dag_waves_v1,24,1,steady_s,0.6426050376854313,0.004652236422469036,867;868;869;870;871
W,edc_n07,upmem_d64_t24_static_dag_waves_v1_1_f32,upmem,64,True,panel_only_v1,split_complex_float32_v1,static_dag_waves_v1,24,1,session_close_s,0.011815907575248332,0.0003550568747480651,867;868;869;870;871
W,edc_n11,upmem_d64_t24_static_dag_waves_v1_1_f32,upmem,64,True,panel_only_v1,split_complex_float32_v1,static_dag_waves_v1,24,1,session_open_s,0.3211623719928593,0.014275138010527266,891;892;893;894;895
W,edc_n11,upmem_d64_t24_static_dag_waves_v1_1_f32,upmem,64,True,panel_only_v1,split_complex_float32_v1,static_dag_waves_v1,24,1,steady_s,0.6695220008218713,0.014374713313590415,891;892;893;894;895
W,edc_n11,upmem_d64_t24_static_dag_waves_v1_1_f32,upmem,64,True,panel_only_v1,split_complex_float32_v1,static_dag_waves_v1,24,1,session_close_s,0.009315627185269444,0.00099576847535,891;892;893;894;895
W,edc_n15,upmem_d64_t24_static_dag_waves_v1_1_f32,upmem,64,True,panel_only_v1,split_complex_float32_v1,static_dag_waves_v1,24,1,session_open_s,0.2725294673768753,0.0034774728036903735,915;916;917;918;919
W,edc_n15,upmem_d64_t24_static_dag_waves_v1_1_f32,upmem,64,True,panel_only_v1,split_complex_float32_v1,static_dag_waves_v1,24,1,steady_s,0.7198391040472838,0.00427410931364669,915;916;917;918;919
W,edc_n15,upmem_d64_t24_static_dag_waves_v1_1_f32,upmem,64,True,panel_only_v1,split_complex_float32_v1,static_dag_waves_v1,24,1,session_close_s,0.006834792065884591,0.00024698448124219497,915;916;917;918;919
W,edc_n17,upmem_d64_t24_static_dag_waves_v1_1_f32,upmem,64,True,panel_only_v1,split_complex_float32_v1,static_dag_waves_v1,24,1,session_open_s,0.23408548463127077,0.007712149002901514,939;940;941;942;943
W,edc_n17,upmem_d64_t24_static_dag_waves_v1_1_f32,upmem,64,True,panel_only_v1,split_complex_float32_v1,static_dag_waves_v1,24,1,steady_s,0.7626035748582423,0.004219065961707957,939;940;941;942;943
W,edc_n17,upmem_d64_t24_static_dag_waves_v1_1_f32,upmem,64,True,panel_only_v1,split_complex_float32_v1,static_dag_waves_v1,24,1,session_close_s,0.003697681443285679,0.00016645235052163742,939;940;941;942;943
W,edc_n19,upmem_d64_t24_static_dag_waves_v1_1_f32,upmem,64,True,panel_only_v1,split_complex_float32_v1,static_dag_waves_v1,24,1,session_open_s,0.14144956612730442,0.0007040216927662879,963;964;965;966;967
W,edc_n19,upmem_d64_t24_static_dag_waves_v1_1_f32,upmem,64,True,panel_only_v1,split_complex_float32_v1,static_dag_waves_v1,24,1,steady_s,0.8556520894058601,0.000765966141815011,963;964;965;966;967
W,edc_n19,upmem_d64_t24_static_dag_waves_v1_1_f32,upmem,64,True,panel_only_v1,split_complex_float32_v1,static_dag_waves_v1,24,1,session_close_s,0.003024310980085173,0.00012497228686164479,963;964;965;966;967
W,edc_n21,upmem_d64_t24_static_dag_waves_v1_1_f32,upmem,64,True,panel_only_v1,split_complex_float32_v1,static_dag_waves_v1,24,1,session_open_s,0.08163646899536317,0.0005050092099235792,975;976;977;978;979
W,edc_n21,upmem_d64_t24_static_dag_waves_v1_1_f32,upmem,64,True,panel_only_v1,split_complex_float32_v1,static_dag_waves_v1,24,1,steady_s,0.9166993739230802,0.0005987365999898797,975;976;977;978;979
W,edc_n21,upmem_d64_t24_static_dag_waves_v1_1_f32,upmem,64,True,panel_only_v1,split_complex_float32_v1,static_dag_waves_v1,24,1,session_close_s,0.001664157081556589,6.652458469746806e-05,975;976;977;978;979
W,edc_n23,upmem_d64_t24_static_dag_waves_v1_1_f32,upmem,64,True,panel_only_v1,split_complex_float32_v1,static_dag_waves_v1,24,1,session_open_s,0.0372533858848311,0.0002660645569668163,987;988;989;990;991
W,edc_n23,upmem_d64_t24_static_dag_waves_v1_1_f32,upmem,64,True,panel_only_v1,split_complex_float32_v1,static_dag_waves_v1,24,1,steady_s,0.9622058275364025,0.0002169412642679669,987;988;989;990;991
W,edc_n23,upmem_d64_t24_static_dag_waves_v1_1_f32,upmem,64,True,panel_only_v1,split_complex_float32_v1,static_dag_waves_v1,24,1,session_close_s,0.0005072339327005374,2.4544150236975137e-05,987;988;989;990;991
W,hs_n08,upmem_d64_t24_static_dag_waves_v1_1_f32,upmem,64,True,panel_only_v1,split_complex_float32_v1,static_dag_waves_v1,24,1,session_open_s,0.40768097236543127,0.005198935205082689,1011;1012;1013;1014;1015
W,hs_n08,upmem_d64_t24_static_dag_waves_v1_1_f32,upmem,64,True,panel_only_v1,split_complex_float32_v1,static_dag_waves_v1,24,1,steady_s,0.5843330278067445,0.004888131681835328,1011;1012;1013;1014;1015
W,hs_n08,upmem_d64_t24_static_dag_waves_v1_1_f32,upmem,64,True,panel_only_v1,split_complex_float32_v1,static_dag_waves_v1,24,1,session_close_s,0.007952189497567201,0.00034461385350440833,1011;1012;1013;1014;1015
W,hs_n12,upmem_d64_t24_static_dag_waves_v1_1_f32,upmem,64,True,panel_only_v1,split_complex_float32_v1,static_dag_waves_v1,24,1,session_open_s,0.44835667178206295,0.00472208568228788,1035;1036;1037;1038;1039
W,hs_n12,upmem_d64_t24_static_dag_waves_v1_1_f32,upmem,64,True,panel_only_v1,split_complex_float32_v1,static_dag_waves_v1,24,1,steady_s,0.5461285108838445,0.003558929199119598,1035;1036;1037;1038;1039
W,hs_n12,upmem_d64_t24_static_dag_waves_v1_1_f32,upmem,64,True,panel_only_v1,split_complex_float32_v1,static_dag_waves_v1,24,1,session_close_s,0.005543625619886969,0.00033338167063446094,1035;1036;1037;1038;1039
W,hs_n16,upmem_d64_t24_static_dag_waves_v1_1_f32,upmem,64,True,panel_only_v1,split_complex_float32_v1,static_dag_waves_v1,24,1,session_open_s,0.4254371043117061,0.002201134893736967,1059;1060;1061;1062;1063
W,hs_n16,upmem_d64_t24_static_dag_waves_v1_1_f32,upmem,64,True,panel_only_v1,split_complex_float32_v1,static_dag_waves_v1,24,1,steady_s,0.5707419610057067,0.0019096263047975182,1059;1060;1061;1062;1063
W,hs_n16,upmem_d64_t24_static_dag_waves_v1_1_f32,upmem,64,True,panel_only_v1,split_complex_float32_v1,static_dag_waves_v1,24,1,session_close_s,0.004112443271526602,0.00010933752486972075,1059;1060;1061;1062;1063
W,hs_n18,upmem_d64_t24_static_dag_waves_v1_1_f32,upmem,64,True,panel_only_v1,split_complex_float32_v1,static_dag_waves_v1,24,1,session_open_s,0.4071397411785024,0.0025727711667600794,1083;1084;1085;1086;1087
W,hs_n18,upmem_d64_t24_static_dag_waves_v1_1_f32,upmem,64,True,panel_only_v1,split_complex_float32_v1,static_dag_waves_v1,24,1,steady_s,0.5895081754734283,0.002430811577017855,1083;1084;1085;1086;1087
W,hs_n18,upmem_d64_t24_static_dag_waves_v1_1_f32,upmem,64,True,panel_only_v1,split_complex_float32_v1,static_dag_waves_v1,24,1,session_close_s,0.003482254927869747,0.00013017157980033632,1083;1084;1085;1086;1087
W,hs_n20,upmem_d64_t24_static_dag_waves_v1_1_f32,upmem,64,True,panel_only_v1,split_complex_float32_v1,static_dag_waves_v1,24,1,session_open_s,0.3262786806055219,0.009272251801630549,1107;1108;1109;1110;1111
W,hs_n20,upmem_d64_t24_static_dag_waves_v1_1_f32,upmem,64,True,panel_only_v1,split_complex_float32_v1,static_dag_waves_v1,24,1,steady_s,0.6714249977719362,0.00926355347469976,1107;1108;1109;1110;1111
W,hs_n20,upmem_d64_t24_static_dag_waves_v1_1_f32,upmem,64,True,panel_only_v1,split_complex_float32_v1,static_dag_waves_v1,24,1,session_close_s,0.0024964375573416683,5.5992816840903445e-05,1107;1108;1109;1110;1111
W,hs_n22,upmem_d64_t24_static_dag_waves_v1_1_f32,upmem,64,True,panel_only_v1,split_complex_float32_v1,static_dag_waves_v1,24,1,session_open_s,0.17425879553944956,0.00023808171203265616,1119;1120;1121;1122;1123
W,hs_n22,upmem_d64_t24_static_dag_waves_v1_1_f32,upmem,64,True,panel_only_v1,split_complex_float32_v1,static_dag_waves_v1,24,1,steady_s,0.8245629075831215,0.00012092109213979185,1119;1120;1121;1122;1123
W,hs_n22,upmem_d64_t24_static_dag_waves_v1_1_f32,upmem,64,True,panel_only_v1,split_complex_float32_v1,static_dag_waves_v1,24,1,session_close_s,0.0011414764320396141,2.352295938309423e-05,1119;1120;1121;1122;1123
W,hs_n24,upmem_d64_t24_static_dag_waves_v1_1_f32,upmem,64,True,panel_only_v1,split_complex_float32_v1,static_dag_waves_v1,24,1,session_open_s,0.06460148150470935,0.00023165288584263422,1131;1132;1133;1134;1135
W,hs_n24,upmem_d64_t24_static_dag_waves_v1_1_f32,upmem,64,True,panel_only_v1,split_complex_float32_v1,static_dag_waves_v1,24,1,steady_s,0.935005692768435,0.0002721520821220569,1131;1132;1133;1134;1135
W,hs_n24,upmem_d64_t24_static_dag_waves_v1_1_f32,upmem,64,True,panel_only_v1,split_complex_float32_v1,static_dag_waves_v1,24,1,session_close_s,0.000394007538410345,1.909557506828434e-06,1131;1132;1133;1134;1135
W,qrng_n08,upmem_d64_t24_static_dag_waves_v1_1_f32,upmem,64,True,panel_only_v1,split_complex_float32_v1,static_dag_waves_v1,24,1,session_open_s,0.48364146177620637,0.023616922757878966,1155;1156;1157;1158;1159
W,qrng_n08,upmem_d64_t24_static_dag_waves_v1_1_f32,upmem,64,True,panel_only_v1,split_complex_float32_v1,static_dag_waves_v1,24,1,steady_s,0.4963695754524147,0.024446564002314874,1155;1156;1157;1158;1159
W,qrng_n08,upmem_d64_t24_static_dag_waves_v1_1_f32,upmem,64,True,panel_only_v1,split_complex_float32_v1,static_dag_waves_v1,24,1,session_close_s,0.020111488329947497,0.0014424655829674005,1155;1156;1157;1158;1159
W,qrng_n12,upmem_d64_t24_static_dag_waves_v1_1_f32,upmem,64,True,panel_only_v1,split_complex_float32_v1,static_dag_waves_v1,24,1,session_open_s,0.47538289964433295,0.01724197007686462,1179;1180;1181;1182;1183
W,qrng_n12,upmem_d64_t24_static_dag_waves_v1_1_f32,upmem,64,True,panel_only_v1,split_complex_float32_v1,static_dag_waves_v1,24,1,steady_s,0.5096680634729454,0.01835308333101432,1179;1180;1181;1182;1183
W,qrng_n12,upmem_d64_t24_static_dag_waves_v1_1_f32,upmem,64,True,panel_only_v1,split_complex_float32_v1,static_dag_waves_v1,24,1,session_close_s,0.015846756431949792,0.0003680984503171003,1179;1180;1181;1182;1183
W,qrng_n16,upmem_d64_t24_static_dag_waves_v1_1_f32,upmem,64,True,panel_only_v1,split_complex_float32_v1,static_dag_waves_v1,24,1,session_open_s,0.26409762221012173,0.002883550245776967,1203;1204;1205;1206;1207
W,qrng_n16,upmem_d64_t24_static_dag_waves_v1_1_f32,upmem,64,True,panel_only_v1,split_complex_float32_v1,static_dag_waves_v1,24,1,steady_s,0.7279386841790633,0.0027071577792107115,1203;1204;1205;1206;1207
W,qrng_n16,upmem_d64_t24_static_dag_waves_v1_1_f32,upmem,64,True,panel_only_v1,split_complex_float32_v1,static_dag_waves_v1,24,1,session_close_s,0.008016673027538291,0.00021640756536704837,1203;1204;1205;1206;1207
W,qrng_n18,upmem_d64_t24_static_dag_waves_v1_1_f32,upmem,64,True,panel_only_v1,split_complex_float32_v1,static_dag_waves_v1,24,1,session_open_s,0.21638459500638643,0.009414476578054248,1227;1228;1229;1230;1231
W,qrng_n18,upmem_d64_t24_static_dag_waves_v1_1_f32,upmem,64,True,panel_only_v1,split_complex_float32_v1,static_dag_waves_v1,24,1,steady_s,0.7771900293328781,0.011415833663611097,1227;1228;1229;1230;1231
W,qrng_n18,upmem_d64_t24_static_dag_waves_v1_1_f32,upmem,64,True,panel_only_v1,split_complex_float32_v1,static_dag_waves_v1,24,1,session_close_s,0.006425375660735476,0.0004138901283620641,1227;1228;1229;1230;1231
W,qrng_n20,upmem_d64_t24_static_dag_waves_v1_1_f32,upmem,64,True,panel_only_v1,split_complex_float32_v1,static_dag_waves_v1,24,1,session_open_s,0.12584720408567052,0.0007123668028670704,1251;1252;1253;1254;1255
W,qrng_n20,upmem_d64_t24_static_dag_waves_v1_1_f32,upmem,64,True,panel_only_v1,split_complex_float32_v1,static_dag_waves_v1,24,1,steady_s,0.8701906917424798,0.00026401588942348564,1251;1252;1253;1254;1255
W,qrng_n20,upmem_d64_t24_static_dag_waves_v1_1_f32,upmem,64,True,panel_only_v1,split_complex_float32_v1,static_dag_waves_v1,24,1,session_close_s,0.003652061593899936,0.00013830833549376446,1251;1252;1253;1254;1255
W,qrng_n22,upmem_d64_t24_static_dag_waves_v1_1_f32,upmem,64,True,panel_only_v1,split_complex_float32_v1,static_dag_waves_v1,24,1,session_open_s,0.050591420078185526,0.002161432691134696,1263;1264;1265;1266;1267
W,qrng_n22,upmem_d64_t24_static_dag_waves_v1_1_f32,upmem,64,True,panel_only_v1,split_complex_float32_v1,static_dag_waves_v1,24,1,steady_s,0.9480591935773931,0.0022209195967648476,1263;1264;1265;1266;1267
W,qrng_n22,upmem_d64_t24_static_dag_waves_v1_1_f32,upmem,64,True,panel_only_v1,split_complex_float32_v1,static_dag_waves_v1,24,1,session_close_s,0.001299607427104651,9.707988313444613e-06,1263;1264;1265;1266;1267
W,qrng_n24,upmem_d64_t24_static_dag_waves_v1_1_f32,upmem,64,True,panel_only_v1,split_complex_float32_v1,static_dag_waves_v1,24,1,session_open_s,0.01764534589841064,0.0004542319116694754,1275;1276;1277;1278;1279
W,qrng_n24,upmem_d64_t24_static_dag_waves_v1_1_f32,upmem,64,True,panel_only_v1,split_complex_float32_v1,static_dag_waves_v1,24,1,steady_s,0.9819099992697926,0.000489968100385374,1275;1276;1277;1278;1279
W,qrng_n24,upmem_d64_t24_static_dag_waves_v1_1_f32,upmem,64,True,panel_only_v1,split_complex_float32_v1,static_dag_waves_v1,24,1,session_close_s,0.0004437617789374242,3.4843135856608845e-05,1275;1276;1277;1278;1279
W,xor_n08,upmem_d64_t24_static_dag_waves_v1_1_f32,upmem,64,True,panel_only_v1,split_complex_float32_v1,static_dag_waves_v1,24,1,session_open_s,0.3752788206456357,0.0072297506308696136,1299;1300;1301;1302;1303
W,xor_n08,upmem_d64_t24_static_dag_waves_v1_1_f32,upmem,64,True,panel_only_v1,split_complex_float32_v1,static_dag_waves_v1,24,1,steady_s,0.612996281959221,0.005560441479673495,1299;1300;1301;1302;1303
W,xor_n08,upmem_d64_t24_static_dag_waves_v1_1_f32,upmem,64,True,panel_only_v1,split_complex_float32_v1,static_dag_waves_v1,24,1,session_close_s,0.014210767879386407,0.0010323328594109213,1299;1300;1301;1302;1303
W,xor_n12,upmem_d64_t24_static_dag_waves_v1_1_f32,upmem,64,True,panel_only_v1,split_complex_float32_v1,static_dag_waves_v1,24,1,session_open_s,0.3372950567556862,0.0038975015334122842,1323;1324;1325;1326;1327
W,xor_n12,upmem_d64_t24_static_dag_waves_v1_1_f32,upmem,64,True,panel_only_v1,split_complex_float32_v1,static_dag_waves_v1,24,1,steady_s,0.6530730308999906,0.0030366852977222747,1323;1324;1325;1326;1327
W,xor_n12,upmem_d64_t24_static_dag_waves_v1_1_f32,upmem,64,True,panel_only_v1,split_complex_float32_v1,static_dag_waves_v1,24,1,session_close_s,0.009540594195028522,0.00015183503412070747,1323;1324;1325;1326;1327
W,xor_n16,upmem_d64_t24_static_dag_waves_v1_1_f32,upmem,64,True,panel_only_v1,split_complex_float32_v1,static_dag_waves_v1,24,1,session_open_s,0.28254508705882775,0.018044556496287667,1347;1348;1349;1350;1351
W,xor_n16,upmem_d64_t24_static_dag_waves_v1_1_f32,upmem,64,True,panel_only_v1,split_complex_float32_v1,static_dag_waves_v1,24,1,steady_s,0.7108443853678053,0.019101558415614228,1347;1348;1349;1350;1351
W,xor_n16,upmem_d64_t24_static_dag_waves_v1_1_f32,upmem,64,True,panel_only_v1,split_complex_float32_v1,static_dag_waves_v1,24,1,session_close_s,0.006041688148009003,0.0004881624939685218,1347;1348;1349;1350;1351
W,xor_n18,upmem_d64_t24_static_dag_waves_v1_1_f32,upmem,64,True,panel_only_v1,split_complex_float32_v1,static_dag_waves_v1,24,1,session_open_s,0.1934801828057045,0.005176805391280043,1371;1372;1373;1374;1375
W,xor_n18,upmem_d64_t24_static_dag_waves_v1_1_f32,upmem,64,True,panel_only_v1,split_complex_float32_v1,static_dag_waves_v1,24,1,steady_s,0.8035330450244732,0.005006222693563767,1371;1372;1373;1374;1375
W,xor_n18,upmem_d64_t24_static_dag_waves_v1_1_f32,upmem,64,True,panel_only_v1,split_complex_float32_v1,static_dag_waves_v1,24,1,session_close_s,0.003125718899752929,0.00013894672993066586,1371;1372;1373;1374;1375
W,xor_n20,upmem_d64_t24_static_dag_waves_v1_1_f32,upmem,64,True,panel_only_v1,split_complex_float32_v1,static_dag_waves_v1,24,1,session_open_s,0.11425621282510458,0.0001016275424142038,1395;1396;1397;1398;1399
W,xor_n20,upmem_d64_t24_static_dag_waves_v1_1_f32,upmem,64,True,panel_only_v1,split_complex_float32_v1,static_dag_waves_v1,24,1,steady_s,0.8845023228797717,0.00010481508078163948,1395;1396;1397;1398;1399
W,xor_n20,upmem_d64_t24_static_dag_waves_v1_1_f32,upmem,64,True,panel_only_v1,split_complex_float32_v1,static_dag_waves_v1,24,1,session_close_s,0.0011462760501875309,4.129846149104779e-05,1395;1396;1397;1398;1399
W,xor_n22,upmem_d64_t24_static_dag_waves_v1_1_f32,upmem,64,True,panel_only_v1,split_complex_float32_v1,static_dag_waves_v1,24,1,session_open_s,0.0702635841933922,0.00016885160907842423,1407;1408;1409;1410;1411
W,xor_n22,upmem_d64_t24_static_dag_waves_v1_1_f32,upmem,64,True,panel_only_v1,split_complex_float32_v1,static_dag_waves_v1,24,1,steady_s,0.9293931548460275,0.00019502109597990813,1407;1408;1409;1410;1411
W,xor_n22,upmem_d64_t24_static_dag_waves_v1_1_f32,upmem,64,True,panel_only_v1,split_complex_float32_v1,static_dag_waves_v1,24,1,session_close_s,0.00032378358933031633,1.660135706216178e-05,1407;1408;1409;1410;1411
W,xor_n24,upmem_d64_t24_static_dag_waves_v1_1_f32,upmem,64,True,panel_only_v1,split_complex_float32_v1,static_dag_waves_v1,24,1,session_open_s,0.05456751005271304,0.00015483765205177163,1419;1420;1421;1422;1423
W,xor_n24,upmem_d64_t24_static_dag_waves_v1_1_f32,upmem,64,True,panel_only_v1,split_complex_float32_v1,static_dag_waves_v1,24,1,steady_s,0.9453332608293725,0.0001451666957109632,1419;1420;1421;1422;1423
W,xor_n24,upmem_d64_t24_static_dag_waves_v1_1_f32,upmem,64,True,panel_only_v1,split_complex_float32_v1,static_dag_waves_v1,24,1,session_close_s,8.955816157357521e-05,9.670956340898312e-06,1419;1420;1421;1422;1423
