suite,case_id,family,n,arm_id,backend,threads,warmups,measurements,success,unsupported,complete,quality_qualified,observation_source_rows,source_id,source_row,job_to_state_s,job_to_state_s_mad,prepared_call_s,prepared_call_s_mad,session_inclusive_s,session_inclusive_s_mad,steady_s,steady_s_mad,kernel_s,kernel_s_mad,dpus,fuse,geometry,policy,schedule,tasklets,session_open_s,session_open_s_mad,session_close_s,session_close_s_mad,h2d_s,h2d_s_mad,d2h_s,d2h_s_mad,h2d_bytes,h2d_bytes_mad,d2h_bytes,d2h_bytes_mad
W,bb84_n08,bb84,8,numpy_p1,numpy,1,1,5,5,0,True,True,597;598;599;600;601,final_coverage,96,0.006080965045839548,1.1811032891273499e-05,0.004385274020023644,1.6056059394031763e-05,0.004075303033459932,1.257704570889473e-05,0.004075303033459932,1.257704570889473e-05,0.0013051899150013924,2.024503191933036e-05,,,,,,,,,,,,,,,,,,
W,bb84_n08,bb84,8,quest32_p1,quest32,1,1,5,5,0,True,True,591;592;593;594;595,final_coverage,95,0.00024819502141326666,1.5090336091816425e-06,0.00022415700368583202,2.3139873519539833e-06,0.0001660780399106443,1.2909877113997936e-06,,,9.419099660590291e-05,4.973029717803001e-06,,,,,,,,,,,,,,,,,,
W,bb84_n08,bb84,8,quest32_p8,quest32,8,1,5,5,0,True,True,585;586;587;588;589,final_coverage,94,0.014051794947590679,0.0013106829719617963,0.01402533397777006,0.0013123519602231681,0.013955983042251319,0.001311932981479913,,,0.00013604701962321997,1.827022060751915e-06,,,,,,,,,,,,,,,,,,
W,bb84_n08,bb84,8,upmem_d64_t24_static_dag_waves_v1_1_f32,upmem,1,1,5,5,0,True,True,579;580;581;582;583,final_coverage,93,0.2698566080071032,0.003871331049595028,0.25599155004601926,0.0038885969552211463,0.2467451550764963,0.0026690429658629,0.1403228480485268,0.006778572977054864,0.002259486,3.156999999999986e-05,64,True,panel_only_v1,split_complex_float32_v1,static_dag_waves_v1,24,0.10059777001151815,0.0014786000247113407,0.004303394991438836,0.0001588579616509378,0.04258509,0.0021345810000000034,0.024097990000000003,0.0004103699999999967,46976.0,0.0,28160.0,0.0
W,bb84_n12,bb84,12,numpy_p1,numpy,1,1,5,5,0,True,True,621;622;623;624;625,final_coverage,100,0.008977912017144263,3.5744975320994854e-05,0.006677886005491018,2.4622015189379454e-05,0.006188405037391931,3.3360032830387354e-05,0.006188405037391931,3.3360032830387354e-05,0.0020618970156647265,1.8497114069759846e-05,,,,,,,,,,,,,,,,,,
W,bb84_n12,bb84,12,quest32_p1,quest32,1,1,5,5,0,True,True,615;616;617;618;619,final_coverage,99,0.0004465219681151211,4.512956365942955e-06,0.0004175429930910468,5.118956323713064e-06,0.00035854504676535726,6.930902600288391e-06,,,0.0002377339988015592,8.850474841892719e-07,,,,,,,,,,,,,,,,,,
W,bb84_n12,bb84,12,quest32_p8,quest32,8,1,5,5,0,True,True,609;610;611;612;613,final_coverage,98,0.015172927000094205,0.0006259270012378693,0.015140784031245857,0.0006256380002014339,0.015069447923451662,0.0006252980674616992,,,0.0001911389990709722,2.3770262487232685e-06,,,,,,,,,,,,,,,,,,
W,bb84_n12,bb84,12,upmem_d64_t24_static_dag_waves_v1_1_f32,upmem,1,1,5,5,0,True,True,603;604;605;606;607,final_coverage,97,0.3148150809574872,0.004618497972842306,0.2943076000083238,0.004606188973411918,0.2806182610220276,0.003927376994397491,0.16251380502944812,0.002603599976282567,0.006180483,2.4922000000001006e-05,64,True,panel_only_v1,split_complex_float32_v1,static_dag_waves_v1,24,0.1112916209967807,0.0015695089823566377,0.004020213964395225,9.223195957019925e-05,0.046355816,5.605799999999772e-05,0.027496992999999997,0.000638442999999999,49472.0,0.0,94208.0,0.0
W,bb84_n16,bb84,16,numpy_p1,numpy,1,1,5,5,0,True,True,645;646;647;648;649,final_coverage,104,0.01529770001070574,9.108002996072173e-05,0.01234989397926256,8.626596536487341e-05,0.011357238050550222,9.018008131533861e-05,0.011357238050550222,9.018008131533861e-05,0.004145316139329225,2.5766901671886444e-05,,,,,,,,,,,,,,,,,,
W,bb84_n16,bb84,16,quest32_p1,quest32,1,1,5,5,0,True,True,639;640;641;642;643,final_coverage,103,0.0036677889875136316,6.154004950076342e-06,0.003638312977273017,5.943002179265022e-06,0.0035696749691851437,2.3099128156900406e-06,,,0.0027449250337667763,4.2380415834486485e-06,,,,,,,,,,,,,,,,,,
W,bb84_n16,bb84,16,quest32_p8,quest32,8,1,5,5,0,True,True,633;634;635;636;637,final_coverage,102,0.015229317999910563,0.0013819130253978074,0.015195575018879026,0.001381659065373242,0.015114354027900845,0.0013800090528093278,,,0.000635403033811599,1.7140409909188747e-06,,,,,,,,,,,,,,,,,,
W,bb84_n16,bb84,16,upmem_d64_t24_static_dag_waves_v1_1_f32,upmem,1,1,5,5,0,True,True,627;628;629;630;631,final_coverage,101,0.5347112970193848,0.004308605974074453,0.5063090299954638,0.004388083994854242,0.4917645140667446,0.0035232219379395247,0.3594291710178368,0.0066165109747089446,0.054926379,3.606800000000021e-05,64,True,panel_only_v1,split_complex_float32_v1,static_dag_waves_v1,24,0.12891921703703701,0.001209704962093383,0.003889310988597572,0.0002326460089534521,0.08082123299999999,0.0014442029999999911,0.064257271,0.00038339300000000964,92928.0,0.0,1100288.0,0.0
W,bb84_n18,bb84,18,numpy_p1,numpy,1,1,5,5,0,True,True,669;670;671;672;673,final_coverage,108,0.04217682499438524,0.00019818497821688652,0.038974113995209336,0.0002199260052293539,0.03330321598332375,0.00023447501007467508,0.03330321598332375,0.00023447501007467508,0.011464830953627825,4.163512494415045e-05,,,,,,,,,,,,,,,,,,
W,bb84_n18,bb84,18,quest32_p1,quest32,1,1,5,5,0,True,True,663;664;665;666;667,final_coverage,107,0.01473429601173848,1.3025070074945688e-05,0.0147032699896954,1.2374017387628555e-05,0.014636111038271338,1.5691097360104322e-05,,,0.011272792995441705,1.645000884309411e-05,,,,,,,,,,,,,,,,,,
W,bb84_n18,bb84,18,quest32_p8,quest32,8,1,5,5,0,True,True,657;658;659;660;661,final_coverage,106,0.020216457021888345,3.801501588895917e-05,0.020180031016934663,3.817200195044279e-05,0.020097902859561145,3.377714892849326e-05,,,0.001980288012418896,9.610084816813469e-07,,,,,,,,,,,,,,,,,,
W,bb84_n18,bb84,18,upmem_d64_t24_static_dag_waves_v1_1_f32,upmem,1,1,5,5,0,True,True,651;652;653;654;655,final_coverage,105,0.6509419499780051,0.03265435603680089,0.6195167179685086,0.03248556004837155,0.5800945070222951,0.033177664037793875,0.4395975359948352,0.03154321003239602,0.055266888,0.00015525499999999998,64,True,panel_only_v1,split_complex_float32_v1,static_dag_waves_v1,24,0.13270028098486364,0.0036391160101629794,0.004157574032433331,0.00016771693481132388,0.080044512,0.0056822110000000065,0.11573017000000001,0.004583322000000001,118128.0,0.0,4259424.0,0.0
W,bb84_n20,bb84,20,quest32_p8,quest32,8,1,5,5,0,True,True,681;682;683;684;685,final_coverage,110,0.053117901959922165,0.003391919075511396,0.05308053595945239,0.0033914430532604456,0.0529909020406194,0.0033769040019251406,,,0.03232413803925738,0.0018104069749824703,,,,,,,,,,,,,,,,,,
W,bb84_n20,bb84,20,upmem_d64_t24_static_dag_waves_v1_1_f32,upmem,1,1,5,5,0,True,True,675;676;677;678;679,final_coverage,109,1.2803441329742782,0.03193563799140975,1.2428795589949004,0.03063190303510055,1.1129088020534255,0.03182562894653529,0.9631415600306354,0.026145370036829263,0.058575920999999996,2.2747000000003514e-05,64,True,panel_only_v1,split_complex_float32_v1,static_dag_waves_v1,24,0.14223214105004445,0.0030998470028862357,0.004158187017310411,0.00011802196968346834,0.094197377,0.0030299309999999996,0.359580923,0.011506764999999974,218304.0,0.0,16894976.0,0.0
W,bb84_n22,bb84,22,quest32_p8,quest32,8,1,5,5,0,True,True,693;694;695;696;697,final_coverage,112,0.12184437102405354,0.0014672719407826662,0.12180251203244552,0.0014639539876952767,0.12169210897991434,0.001471823954489082,,,0.0825302840094082,0.0011875680065713823,,,,,,,,,,,,,,,,,,
W,bb84_n22,bb84,22,upmem_d64_t24_static_dag_waves_v1_1_f32,upmem,1,1,5,5,0,True,True,687;688;689;690;691,final_coverage,111,3.6933473009848967,0.02447750000283122,3.6498739829985425,0.024784231965895742,3.067813554953318,0.03849167103180662,2.9088564749690704,0.04468180105322972,0.067617589,8.428100000000549e-05,64,True,panel_only_v1,split_complex_float32_v1,static_dag_waves_v1,24,0.15184818295529112,0.0031578199705109,0.004076586978044361,0.0001474320306442678,0.121702796,0.015146859000000013,1.270453467,0.02225655400000015,612144.0,0.0,67424352.0,0.0
W,bb84_n24,bb84,24,quest32_p8,quest32,8,1,5,5,0,True,True,705;706;707;708;709,final_coverage,114,0.5252267869655043,0.0021273749880492687,0.5251864310121164,0.0021297300118021667,0.5250837110797875,0.002136393159162253,,,0.40341178799280897,0.0002458440139889717,,,,,,,,,,,,,,,,,,
W,bb84_n24,bb84,24,upmem_d64_t24_static_dag_waves_v1_1_f32,upmem,1,1,5,5,0,True,True,699;700;701;702;703,final_coverage,113,14.01636279199738,0.12039167800685391,13.958314997027628,0.11971891397843137,11.75739985605469,0.0980341579997912,11.540756909002084,0.08499230595771223,0.266282367,6.731200000004156e-05,64,True,panel_only_v1,split_complex_float32_v1,static_dag_waves_v1,24,0.2110327669652179,0.0018017890397459269,0.005203378037549555,0.00010804500197991729,0.444541491,0.010879543999999963,5.280697473,0.08266253399999979,2329216.0,0.0,269609984.0,0.0
W,bb84_n26,bb84,26,quest32_p8,quest32,8,1,5,5,0,True,True,717;718;719;720;721,final_coverage,116,2.157923002028838,0.005172597011551261,2.1578811510116793,0.005171879020053893,2.1577140959561802,0.0051682908670045435,,,1.781526036967989,0.0013231009361334145,,,,,,,,,,,,,,,,,,
W,bb84_n26,bb84,26,upmem_d64_t24_static_dag_waves_v1_1_f32,upmem,1,1,5,0,5,False,False,711;712;713;714;715,final_coverage,115,,,,,,,,,,,64,True,panel_only_v1,split_complex_float32_v1,static_dag_waves_v1,24,,,,,,,,,,,,
W,bv_n08,bv,8,numpy_p1,numpy,1,1,5,5,0,True,True,741;742;743;744;745,final_coverage,120,0.010906900046393275,2.057896926999092e-05,0.007840871985536069,3.7563033401966095e-05,0.007324350997805595,3.430695505812764e-05,0.007324350997805595,3.430695505812764e-05,0.002486896002665162,1.1789030395448208e-05,,,,,,,,,,,,,,,,,,
W,bv_n08,bv,8,quest32_p1,quest32,1,1,5,5,0,True,True,735;736;737;738;739,final_coverage,119,0.00035434094024822116,2.9999646358191967e-06,0.00032219995046034455,3.5269767977297306e-06,0.00026435096515342593,2.7539790607988834e-06,,,0.0001900809584185481,9.180512279272079e-07,,,,,,,,,,,,,,,,,,
W,bv_n08,bv,8,quest32_p8,quest32,8,1,5,5,0,True,True,729;730;731;732;733,final_coverage,118,0.014286771009210497,0.001181522966362536,0.014248677005525678,0.0011806429829448462,0.014179768098983914,0.0011787257972173393,,,0.00027750496519729495,2.468994352966547e-06,,,,,,,,,,,,,,,,,,
W,bv_n08,bv,8,upmem_d64_t24_static_dag_waves_v1_1_f32,upmem,1,1,5,5,0,True,True,723;724;725;726;727,final_coverage,117,0.37001696397783235,0.02538008603733033,0.3430366599932313,0.025360661034937948,0.3235039509017952,0.025746176135726273,0.2103209959459491,0.009249859082046896,0.0033169420000000002,4.281099999999937e-05,64,True,panel_only_v1,split_complex_float32_v1,static_dag_waves_v1,24,0.11771503800991923,0.008172980044037104,0.0036408969899639487,6.846000906080008e-05,0.06279950299999999,0.0013231560000000059,0.035391008999999994,0.0017571410000000037,66912.0,0.0,38848.0,0.0
W,bv_n12,bv,12,numpy_p1,numpy,1,1,5,5,0,True,True,765;766;767;768;769,final_coverage,124,0.016199764038901776,0.00013955292524769902,0.011861587001476437,0.00017081195255741477,0.011093452980276197,0.00017042603576555848,0.011093452980276197,0.00017042603576555848,0.003904532815795392,3.923237090930343e-05,,,,,,,,,,,,,,,,,,
W,bv_n12,bv,12,quest32_p1,quest32,1,1,5,5,0,True,True,759;760;761;762;763,final_coverage,123,0.0007652100175619125,1.092033926397562e-06,0.0007279399433173239,1.4030956663191319e-06,0.0006651529693044722,1.6490812413394451e-06,,,0.0005469280295073986,1.702981535345316e-06,,,,,,,,,,,,,,,,,,
W,bv_n12,bv,12,quest32_p8,quest32,8,1,5,5,0,True,True,753;754;755;756;757,final_coverage,122,0.016207693028263748,0.001629804028198123,0.01616247504716739,0.0016293380758725107,0.01608559599844739,0.0016280519776046276,,,0.00043770798947662115,3.1850067898631096e-06,,,,,,,,,,,,,,,,,,
W,bv_n12,bv,12,upmem_d64_t24_static_dag_waves_v1_1_f32,upmem,1,1,5,5,0,True,True,747;748;749;750;751,final_coverage,121,0.487657097983174,0.008319371961988509,0.44290613499470055,0.00845767097780481,0.42069141496904194,0.008612409990746528,0.2617644429556094,0.014065553026739508,0.0070013869999999995,9.13299999999971e-06,64,True,panel_only_v1,split_complex_float32_v1,static_dag_waves_v1,24,0.14822740899398923,0.0025630229501985013,0.0039808659930713475,0.00023363297805190086,0.075431652,0.0005367059999999979,0.044738373,0.002458215999999999,78496.0,0.0,108480.0,0.0
W,bv_n16,bv,16,numpy_p1,numpy,1,1,5,5,0,True,True,789;790;791;792;793,final_coverage,128,0.025289143028203398,0.00019004999194294214,0.019605665002018213,0.0001894019660539925,0.018153080018237233,0.00019112502923235297,0.018153080018237233,0.00019112502923235297,0.00625645974650979,3.541837213560939e-05,,,,,,,,,,,,,,,,,,
W,bv_n16,bv,16,quest32_p1,quest32,1,1,5,5,0,True,True,783;784;785;786;787,final_coverage,127,0.007251693983562291,1.4154997188597918e-05,0.007209934992715716,1.514999894425273e-05,0.0071439219755120575,1.3487064279615879e-05,,,0.006318415980786085,1.1860043741762638e-05,,,,,,,,,,,,,,,,,,
W,bv_n16,bv,16,quest32_p8,quest32,8,1,5,5,0,True,True,777;778;779;780;781,final_coverage,126,0.017049323010724038,0.0014931049663573503,0.01699860399821773,0.0014945679577067494,0.016918734938371927,0.0014956631348468363,,,0.0014875319902785122,7.043010555207729e-06,,,,,,,,,,,,,,,,,,
W,bv_n16,bv,16,upmem_d64_t24_static_dag_waves_v1_1_f32,upmem,1,1,5,5,0,True,True,771;772;773;774;775,final_coverage,125,0.7271293919766322,0.0016228100284934044,0.6598681480390951,0.001497975958045572,0.6384435700019822,0.001590341969858855,0.4464527739910409,0.003936402965337038,0.031074155,7.79939999999979e-05,64,True,panel_only_v1,split_complex_float32_v1,static_dag_waves_v1,24,0.1865322010125965,0.0013299619895406067,0.003973153012339026,0.0001272810040973127,0.111989129,0.0008010130000000032,0.084619133,0.0007342060000000011,128224.0,0.0,1120192.0,0.0
W,bv_n18,bv,18,numpy_p1,numpy,1,1,5,5,0,True,True,813;814;815;816;817,final_coverage,132,0.05066256097052246,0.0001789480447769165,0.04435707599623129,0.0001312029780820012,0.03838872699998319,0.0001128559815697372,0.03838872699998319,0.0001128559815697372,0.011663371755275875,4.360731691122055e-05,,,,,,,,,,,,,,,,,,
W,bv_n18,bv,18,quest32_p1,quest32,1,1,5,5,0,True,True,807;808;809;810;811,final_coverage,131,0.03095949097769335,2.242991467937827e-05,0.030915432958863676,2.3157917894423008e-05,0.030845311004668474,2.3928936570882797e-05,,,0.02746028098044917,2.6067020371556282e-05,,,,,,,,,,,,,,,,,,
W,bv_n18,bv,18,quest32_p8,quest32,8,1,5,5,0,True,True,801;802;803;804;805,final_coverage,130,0.021132255962584168,0.00047493993770331144,0.02108029997907579,0.0004761149757541716,0.02099973411532119,0.00047641212586313486,,,0.004865321971010417,7.52095365896821e-06,,,,,,,,,,,,,,,,,,
W,bv_n18,bv,18,upmem_d64_t24_static_dag_waves_v1_1_f32,upmem,1,1,5,5,0,True,True,795;796;797;798;799,final_coverage,129,0.9514660029672086,0.033666992967482656,0.8676227270043455,0.033564624027349055,0.8222465100116096,0.03416342398850247,0.6087763250106946,0.03168940596515313,0.058225019,0.00019053100000000073,64,True,panel_only_v1,split_complex_float32_v1,static_dag_waves_v1,24,0.2116401660023257,0.00040205003460869193,0.004259866022039205,0.0002736260066740215,0.114804178,0.010385601999999966,0.144173708,0.007773794999999972,158992.0,0.0,4282336.0,0.0
W,bv_n20,bv,20,quest32_p8,quest32,8,1,5,5,0,True,True,825;826;827;828;829,final_coverage,134,0.06404524599201977,0.001156201062258333,0.06398982100654393,0.0011554870288819075,0.06389963097171858,0.001143988047260791,,,0.042784004006534815,0.0007251820061355829,,,,,,,,,,,,,,,,,,
W,bv_n20,bv,20,upmem_d64_t24_static_dag_waves_v1_1_f32,upmem,1,1,5,5,0,True,True,819;820;821;822;823,final_coverage,133,1.5920094710309058,0.012845488963648677,1.4934990489855409,0.013343056023586541,1.3569880920113064,0.012229529034812003,1.1222090829978697,0.014502760022878647,0.060457402,0.000134651999999999,64,True,panel_only_v1,split_complex_float32_v1,static_dag_waves_v1,24,0.23103750898735598,0.0025892139528878033,0.0040918089798651636,3.58290271833539e-05,0.136410798,0.006600073000000012,0.391459438,0.008684753999999961,258976.0,0.0,16888512.0,0.0
W,bv_n22,bv,22,quest32_p8,quest32,8,1,5,5,0,True,True,837;838;839;840;841,final_coverage,136,0.21986945701064542,0.004100155958440155,0.21980985696427524,0.004100328020285815,0.21970760897966102,0.004098700010217726,,,0.17582748498534784,0.002360439975745976,,,,,,,,,,,,,,,,,,
W,bv_n22,bv,22,upmem_d64_t24_static_dag_waves_v1_1_f32,upmem,1,1,5,5,0,True,True,831;832;833;834;835,final_coverage,135,4.139509844011627,0.006719621014781296,4.009243203967344,0.006978401041124016,3.4160385810537264,0.03340147394919768,3.132177807041444,0.02854509395547211,0.064490057,8.779899999999952e-05,64,True,panel_only_v1,split_complex_float32_v1,static_dag_waves_v1,24,0.2845175529946573,0.0009991980041377246,0.00398259999928996,6.175501039251685e-05,0.18544898899999998,0.0021895739999999997,1.311416769,0.024270960000000175,663248.0,0.0,67268832.0,0.0
W,bv_n24,bv,24,quest32_p8,quest32,8,1,5,5,0,True,True,849;850;851;852;853,final_coverage,138,1.0561269850004464,0.0024785370333120227,1.0560655639856122,0.0024815649958327413,1.0559663930907845,0.0024855860974639654,,,0.9360185400000773,0.000760912022087723,,,,,,,,,,,,,,,,,,
W,bv_n24,bv,24,upmem_d64_t24_static_dag_waves_v1_1_f32,upmem,1,1,5,5,0,True,True,843;844;845;846;847,final_coverage,137,14.32509973901324,0.07411062001483515,14.16666189901298,0.07451865897746757,11.91223578795325,0.038327693997416645,11.546627727977466,0.04928522399859503,0.228969798,0.00011955200000002275,64,True,panel_only_v1,split_complex_float32_v1,static_dag_waves_v1,24,0.3564600870013237,0.0026907710125669837,0.0051354210008867085,0.0002513490035198629,0.46672226299999997,0.0022118099999999807,5.335571568,0.03029281500000014,2349792.0,0.0,268738240.0,0.0
W,bv_n26,bv,26,quest32_p8,quest32,8,1,5,5,0,True,True,861;862;863;864;865,final_coverage,140,4.675723492051475,0.0057675690040923655,4.6756594110047445,0.005767624999862164,4.675448240072001,0.005748604075051844,,,4.296237280999776,0.00402635702630505,,,,,,,,,,,,,,,,,,
W,bv_n26,bv,26,upmem_d64_t24_static_dag_waves_v1_1_f32,upmem,1,1,5,0,5,False,False,855;856;857;858;859,final_coverage,139,,,,,,,,,,,64,True,panel_only_v1,split_complex_float32_v1,static_dag_waves_v1,24,,,,,,,,,,,,
W,edc_n07,edc,7,numpy_p1,numpy,1,1,5,5,0,True,True,885;886;887;888;889,final_coverage,144,0.007961101015098393,1.8051941879093647e-05,0.005535706994123757,1.2949982192367315e-05,0.005151566991116852,1.367996446788311e-05,0.005151566991116852,1.367996446788311e-05,0.0018434139783494174,6.985850632190704e-06,,,,,,,,,,,,,,,,,,
W,edc_n07,edc,7,quest32_p1,quest32,1,1,5,5,0,True,True,879;880;881;882;883,final_coverage,143,0.0003057990106754005,1.1139782145619392e-06,0.00027891999343410134,8.280039764940739e-07,0.0002250429824925959,1.8319697119295597e-06,,,0.00015022599836811423,3.2170210033655167e-06,,,,,,,,,,,,,,,,,,
W,edc_n07,edc,7,quest32_p8,quest32,8,1,5,5,0,True,True,873;874;875;876;877,final_coverage,142,0.00037037598667666316,1.5640398487448692e-06,0.0003365720040164888,2.194021362811327e-06,0.00027081702137365937,2.3519969545304775e-06,,,0.00018881302094087005,4.344969056546688e-06,,,,,,,,,,,,,,,,,,
W,edc_n07,edc,7,upmem_d64_t24_static_dag_waves_v1_1_f32,upmem,1,1,5,5,0,True,True,867;868;869;870;871,final_coverage,141,0.3911597380065359,0.008409688947722316,0.36676189402351156,0.008392454939894378,0.35595962102524936,0.009309742017649114,0.2303932819631882,0.004729911044705659,0.005839594,3.401100000000046e-05,64,True,panel_only_v1,split_complex_float32_v1,static_dag_waves_v1,24,0.1258301810012199,0.0022452459670603275,0.004043318971525878,0.0002547979820519686,0.06933842600000001,0.0007319130000000007,0.03870988,0.0010114309999999932,78432.0,0.0,45664.0,0.0
W,edc_n11,edc,11,numpy_p1,numpy,1,1,5,5,0,True,True,909;910;911;912;913,final_coverage,148,0.02018674201099202,6.16449979133904e-05,0.016466388013213873,8.059601532295346e-05,0.015870696981437504,8.439598605036736e-05,0.015870696981437504,8.439598605036736e-05,0.010716843185946345,1.9094033632427454e-05,,,,,,,,,,,,,,,,,,
W,edc_n11,edc,11,quest32_p1,quest32,1,1,5,5,0,True,True,903;904;905;906;907,final_coverage,147,0.0004518950008787215,4.244968295097351e-06,0.0004208420286886394,4.205969162285328e-06,0.00036260398337617517,3.5050325095653534e-06,,,0.0002694539725780487,5.846959538757801e-06,,,,,,,,,,,,,,,,,,
W,edc_n11,edc,11,quest32_p8,quest32,8,1,5,5,0,True,True,897;898;899;900;901,final_coverage,146,0.014591076993383467,0.00048763101221993566,0.014554538996890187,0.0004883380024693906,0.014483100967481732,0.0004911539726890624,,,0.00031809002393856645,4.043977241963148e-06,,,,,,,,,,,,,,,,,,
W,edc_n11,edc,11,upmem_d64_t24_static_dag_waves_v1_1_f32,upmem,1,1,5,5,0,True,True,891;892;893;894;895,final_coverage,145,0.4625440600211732,0.006366028974298388,0.43211918300949037,0.006432308000512421,0.4127407839987427,0.007039861986413598,0.2771729700034484,0.009856327960733324,0.033237433999999996,6.499000000000088e-05,64,True,panel_only_v1,split_complex_float32_v1,static_dag_waves_v1,24,0.1288842880167067,0.0032495809718966484,0.0035883160308003426,0.00015437102410942316,0.07108029700000001,0.001533537999999987,0.039933196000000004,0.003411506999999994,94752.0,0.0,107360.0,0.0
W,edc_n15,edc,15,numpy_p1,numpy,1,1,5,5,0,True,True,933;934;935;936;937,final_coverage,152,0.027189133979845792,4.335498670116067e-05,0.022211242001503706,4.8148969653993845e-05,0.021246691001579165,5.230598617345095e-05,0.021246691001579165,5.230598617345095e-05,0.013492792204488069,5.2414252422749996e-05,,,,,,,,,,,,,,,,,,
W,edc_n15,edc,15,quest32_p1,quest32,1,1,5,5,0,True,True,927;928;929;930;931,final_coverage,151,0.002024524030275643,3.1379167921841145e-06,0.0019886880181729794,3.2370444387197495e-06,0.0019209289457648993,2.0178849808871746e-06,,,0.0014782340149395168,3.286055289208889e-06,,,,,,,,,,,,,,,,,,
W,edc_n15,edc,15,quest32_p8,quest32,8,1,5,5,0,True,True,921;922;923;924;925,final_coverage,150,0.016358662047423422,0.001079015084542334,0.01631859503686428,0.0010791650274768472,0.016238952928688377,0.0010799908777698874,,,0.0005957990069873631,4.502013325691223e-06,,,,,,,,,,,,,,,,,,
W,edc_n15,edc,15,upmem_d64_t24_static_dag_waves_v1_1_f32,upmem,1,1,5,5,0,True,True,915;916;917;918;919,final_coverage,149,0.6455922279856168,0.01553296303609386,0.5962574949953705,0.015680190990678966,0.5789877649513073,0.014720548992045224,0.41807691601570696,0.010709279973525554,0.083240554,0.00010040499999999786,64,True,panel_only_v1,split_complex_float32_v1,static_dag_waves_v1,24,0.15785708802286536,0.002079275029245764,0.0037568059633485973,0.00020045501878485084,0.08682003199999999,0.0023152840000000147,0.060582176,0.0008776939999999983,194784.0,0.0,770144.0,0.0
W,edc_n17,edc,17,numpy_p1,numpy,1,1,5,5,0,True,True,957;958;959;960;961,final_coverage,156,0.0839405280421488,0.0001785140484571457,0.07830621302127838,0.00020758796017616987,0.0754594060126692,0.00027561403112486005,0.0754594060126692,0.00027561403112486005,0.05571190983755514,0.00013944628881290555,,,,,,,,,,,,,,,,,,
W,edc_n17,edc,17,quest32_p1,quest32,1,1,5,5,0,True,True,951;952;953;954;955,final_coverage,155,0.007650027982890606,1.1811964213848114e-05,0.007614334987010807,1.147901639342308e-05,0.007536577002611011,1.0644958820194006e-05,,,0.005818842968437821,5.560927093029022e-06,,,,,,,,,,,,,,,,,,
W,edc_n17,edc,17,quest32_p8,quest32,8,1,5,5,0,True,True,945;946;947;948;949,final_coverage,154,0.01550754701020196,0.00024060200667008758,0.015465105010662228,0.00024066900368779898,0.015382646000944078,0.0002471059560775757,,,0.0013059679768048227,3.1480449251830578e-06,,,,,,,,,,,,,,,,,,
W,edc_n17,edc,17,upmem_d64_t24_static_dag_waves_v1_1_f32,upmem,1,1,5,5,0,True,True,939;940;941;942;943,final_coverage,153,1.5042878150125034,0.003514064010232687,1.3613001150079072,0.004059278988279402,1.3020855798968114,0.003842438047286123,0.9959053749917075,0.002563327958341688,0.07235171000000001,0.00032169499999999684,64,True,panel_only_v1,split_complex_float32_v1,static_dag_waves_v1,24,0.2974788490100764,0.00312247802503407,0.00455589999910444,0.00023205002071335912,0.218078457,0.0025255989999999895,0.226278079,0.003141696999999999,2107648.0,0.0,6022240.0,0.0
W,edc_n19,edc,19,quest32_p8,quest32,8,1,5,5,0,True,True,969;970;971;972;973,final_coverage,158,0.03792478598188609,0.0009339189855381846,0.03788110299501568,0.0009323169942945242,0.03778793301898986,0.0009322819532826543,,,0.004342952976003289,4.870234988629818e-07,,,,,,,,,,,,,,,,,,
W,edc_n19,edc,19,upmem_d64_t24_static_dag_waves_v1_1_f32,upmem,1,1,5,5,0,True,True,963;964;965;966;967,final_coverage,157,1.5131676140008494,0.0038685740437358618,1.4427590310224332,0.0029615769744850695,1.3710538890445605,0.0024950290680862963,1.1745523539721034,0.0024574099807068706,0.403223094,1.1133999999968225e-05,64,True,panel_only_v1,split_complex_float32_v1,static_dag_waves_v1,24,0.19358205696335062,0.0011344460654072464,0.004134527000132948,0.00016114098252728581,0.14207567499999998,0.0005903540000000151,0.225822963,0.001537643999999977,729760.0,0.0,8903520.0,0.0
W,edc_n21,edc,21,quest32_p8,quest32,8,1,5,5,0,True,True,981;982;983;984;985,final_coverage,160,0.07023261493304744,0.0018758370424620807,0.0701868609758094,0.0018763430416584015,0.07008305797353387,0.0018769840826280415,,,0.04246850300114602,0.0038178189424797893,,,,,,,,,,,,,,,,,,
W,edc_n21,edc,21,upmem_d64_t24_static_dag_waves_v1_1_f32,upmem,1,1,5,5,0,True,True,975;976;977;978;979,final_coverage,159,2.8006334959645756,0.0011063680285587907,2.7243947469978593,0.001131984987296164,2.439800583058968,0.006844382907729596,2.237085457018111,0.008680846949573606,0.43354579,8.441000000025678e-06,64,True,panel_only_v1,split_complex_float32_v1,static_dag_waves_v1,24,0.1992055220180191,0.0007482449873350561,0.0040654659969732165,0.00019238301320001483,0.196114212,0.00017895900000003406,0.674098689,0.002744504999999897,2281152.0,0.0,34333280.0,0.0
W,edc_n23,edc,23,quest32_p8,quest32,8,1,5,5,0,True,True,993;994;995;996;997,final_coverage,162,0.3026240880135447,0.0002042599953711033,0.30257590900873765,0.00020391802536323667,0.30245774710783735,0.00020798685727640986,,,0.2426954290131107,0.0003595199668779969,,,,,,,,,,,,,,,,,,
W,edc_n23,edc,23,upmem_d64_t24_static_dag_waves_v1_1_f32,upmem,1,1,5,5,0,True,True,987;988;989;990;991,final_coverage,161,10.496794713952113,0.05272910598432645,10.331794350000564,0.049546298978384584,9.090150821954012,0.044695107149891555,8.743379690975416,0.05213471705792472,0.825717283,8.38499999998854e-05,64,True,panel_only_v1,split_complex_float32_v1,static_dag_waves_v1,24,0.33626437903149053,0.004995046940166503,0.0045160899753682315,0.00017491192556917667,0.788565554,0.008321104000000079,3.242961876,0.007571401000000311,11787744.0,0.0,153051744.0,0.0
W,edc_n25,edc,25,quest32_p8,quest32,8,1,5,5,0,True,True,1005;1006;1007;1008;1009,final_coverage,164,1.3248151279985905,0.002312240016181022,1.3247651089914143,0.00231318298028782,1.324604975990951,0.0023182890727184713,,,1.1213635239982978,0.0017710489919409156,,,,,,,,,,,,,,,,,,
W,edc_n25,edc,25,upmem_d64_t24_static_dag_waves_v1_1_f32,upmem,1,1,5,0,5,False,False,999;1000;1001;1002;1003,final_coverage,163,,,,,,,,,,,64,True,panel_only_v1,split_complex_float32_v1,static_dag_waves_v1,24,,,,,,,,,,,,
W,hs_n08,hs,8,numpy_p1,numpy,1,1,5,5,0,True,True,1029;1030;1031;1032;1033,final_coverage,168,0.024184133973903954,5.58079918846488e-05,0.01744054100709036,4.9106020014733076e-05,0.01635138096753508,4.19180141761899e-05,0.01635138096753508,4.19180141761899e-05,0.005684000323526561,5.2269024308770895e-05,,,,,,,,,,,,,,,,,,
W,hs_n08,hs,8,quest32_p1,quest32,1,1,5,5,0,True,True,1023;1024;1025;1026;1027,final_coverage,167,0.0006683160318061709,2.629007212817669e-06,0.000618476013187319,3.469001967459917e-06,0.0005589010543189943,2.4730106815695763e-06,,,0.00048451300244778395,5.979964043945074e-06,,,,,,,,,,,,,,,,,,
W,hs_n08,hs,8,quest32_p8,quest32,8,1,5,5,0,True,True,1017;1018;1019;1020;1021,final_coverage,166,0.017078965029213578,0.002056064025964588,0.01702100900001824,0.0020576179958879948,0.016948682023212314,0.0020621420117095113,,,0.0007119699730537832,1.9971979781985283e-05,,,,,,,,,,,,,,,,,,
W,hs_n08,hs,8,upmem_d64_t24_static_dag_waves_v1_1_f32,upmem,1,1,5,5,0,True,True,1011;1012;1013;1014;1015,final_coverage,165,0.5978155159973539,0.0026568520115688443,0.5168884880258702,0.0010924069210886955,0.4855568819330074,0.003986576048191637,0.28587466798489913,0.00022572098532691598,0.0038137839999999998,1.9234000000000785e-05,64,True,panel_only_v1,split_complex_float32_v1,static_dag_waves_v1,24,0.1988877429976128,0.0008139960118569434,0.003687282034661621,0.0002222119364887476,0.07884188199999999,0.0015923400000000115,0.048514811000000005,0.00028166299999998756,80064.0,0.0,48256.0,0.0
W,hs_n12,hs,12,numpy_p1,numpy,1,1,5,5,0,True,True,1053;1054;1055;1056;1057,final_coverage,172,0.03712814295431599,0.0003054669941775501,0.02670523099368438,0.0003344999859109521,0.025043956993613392,0.00034798303386196494,0.025043956993613392,0.00034798303386196494,0.00887610879726708,4.672195063903928e-05,,,,,,,,,,,,,,,,,,
W,hs_n12,hs,12,quest32_p1,quest32,1,1,5,5,0,True,True,1047;1048;1049;1050;1051,final_coverage,171,0.0017258480074815452,7.1140239015221596e-06,0.0016605890123173594,6.661983206868172e-06,0.001600996998604387,7.398892194032669e-06,,,0.001479815982747823,1.97096960619092e-06,,,,,,,,,,,,,,,,,,
W,hs_n12,hs,12,quest32_p8,quest32,8,1,5,5,0,True,True,1041;1042;1043;1044;1045,final_coverage,170,0.015630295034497976,0.0010229219915345311,0.01554687402676791,0.0010243789874948561,0.015474390995223075,0.0010232829372398555,,,0.0011527430033311248,5.526992026716471e-06,,,,,,,,,,,,,,,,,,
W,hs_n12,hs,12,upmem_d64_t24_static_dag_waves_v1_1_f32,upmem,1,1,5,5,0,True,True,1035;1036;1037;1038;1039,final_coverage,169,0.8584568389924243,0.008038354979362339,0.7037851650384255,0.00873152498388663,0.6656587720499374,0.00750199897447601,0.36502218700479716,0.005005833983886987,0.008093638,3.9450999999999375e-05,64,True,panel_only_v1,split_complex_float32_v1,static_dag_waves_v1,24,0.30272232298739254,0.003187954018358141,0.003723505011294037,0.00016140600200742483,0.095759861,0.0013231430000000127,0.062029376000000004,0.0014210649999999991,94496.0,0.0,122048.0,0.0
W,hs_n16,hs,16,numpy_p1,numpy,1,1,5,5,0,True,True,1077;1078;1079;1080;1081,final_coverage,176,0.052737482998054475,5.914794746786356e-05,0.03779569099424407,0.0001546880230307579,0.03512002801289782,0.00010399398161098361,0.03512002801289782,0.00010399398161098361,0.01158423232845962,4.818866727873683e-05,,,,,,,,,,,,,,,,,,
W,hs_n16,hs,16,quest32_p1,quest32,1,1,5,5,0,True,True,1071;1072;1073;1074;1075,final_coverage,175,0.018987382005434483,4.561035893857479e-06,0.018906429002527148,6.7140208557248116e-06,0.018839598924387246,7.208960596472025e-06,,,0.018019066948909312,1.7406942788511515e-05,,,,,,,,,,,,,,,,,,
W,hs_n16,hs,16,quest32_p8,quest32,8,1,5,5,0,True,True,1065;1066;1067;1068;1069,final_coverage,174,0.019366114982403815,0.00022771890508010983,0.019270573975518346,0.00022958993213251233,0.019192247069440782,0.000230745121371001,,,0.004208605969324708,8.29729251563549e-05,,,,,,,,,,,,,,,,,,
W,hs_n16,hs,16,upmem_d64_t24_static_dag_waves_v1_1_f32,upmem,1,1,5,5,0,True,True,1059;1060;1061;1062;1063,final_coverage,173,1.2453347810078412,0.0080092329881154,1.0154200700344518,0.006950272072572261,0.9728690230404027,0.0070859669940546155,0.5530572000425309,0.004264165065251291,0.05590736,0.00011121999999999521,64,True,panel_only_v1,split_complex_float32_v1,static_dag_waves_v1,24,0.41530342295300215,0.001826089050155133,0.003971728030592203,0.00025445903884246945,0.129232111,0.0016169909999999843,0.09913622799999999,0.0019507400000000064,131456.0,0.0,1126656.0,0.0
W,hs_n18,hs,18,numpy_p1,numpy,1,1,5,5,0,True,True,1101;1102;1103;1104;1105,final_coverage,180,0.08262712601572275,0.0007071880390867591,0.06532464805059135,0.0006210210267454386,0.058015365968458354,0.0005384729593060911,0.058015365968458354,0.0005384729593060911,0.018344921409152448,0.0002373156021349132,,,,,,,,,,,,,,,,,,
W,hs_n18,hs,18,quest32_p1,quest32,1,1,5,5,0,True,True,1095;1096;1097;1098;1099,final_coverage,179,0.08225905400468037,8.239102317020297e-05,0.08217409095959738,8.15059756860137e-05,0.08210499107372016,8.1123027484864e-05,,,0.07872756902361289,8.966401219367981e-05,,,,,,,,,,,,,,,,,,
W,hs_n18,hs,18,quest32_p8,quest32,8,1,5,5,0,True,True,1089;1090;1091;1092;1093,final_coverage,178,0.054878210998140275,0.0021263930830173194,0.0547748229582794,0.002128607069607824,0.05469352309592068,0.0021269668941386044,,,0.03765582601772621,0.0023573599755764008,,,,,,,,,,,,,,,,,,
W,hs_n18,hs,18,upmem_d64_t24_static_dag_waves_v1_1_f32,upmem,1,1,5,5,0,True,True,1083;1084;1085;1086;1087,final_coverage,177,1.5854212929843925,0.0062213659984990954,1.2886828180053271,0.012683333014138043,1.220380456012208,0.012987593945581466,0.7194242560071871,0.011893499991856515,0.057162151,7.486599999999982e-05,64,True,panel_only_v1,split_complex_float32_v1,static_dag_waves_v1,24,0.49636824801564217,0.0015041320584714413,0.004294901969842613,0.0002040849649347365,0.145169887,0.0028570829999999825,0.164656598,0.001609420000000028,167280.0,0.0,4292000.0,0.0
W,hs_n20,hs,20,quest32_p8,quest32,8,1,5,5,0,True,True,1113;1114;1115;1116;1117,final_coverage,182,0.10184390097856522,0.0018513479735702276,0.10172030795365572,0.0018468909547664225,0.10161352093564346,0.001837648916989565,,,0.0797676490037702,0.002606599999126047,,,,,,,,,,,,,,,,,,
W,hs_n20,hs,20,upmem_d64_t24_static_dag_waves_v1_1_f32,upmem,1,1,5,5,0,True,True,1107;1108;1109;1110;1111,final_coverage,181,2.3432072889991105,0.010537578025832772,1.9953362119849771,0.006882006011437625,1.8291078170295805,0.006183774909004569,1.2311940749641508,0.01385867508361116,0.060290936,4.2551999999994317e-05,64,True,panel_only_v1,split_complex_float32_v1,static_dag_waves_v1,24,0.588240026962012,0.0030450389604084194,0.004288733005523682,7.79610127210617e-05,0.15521711,0.011192120000000028,0.413313745,0.011918071999999946,268768.0,0.0,16929088.0,0.0
W,hs_n22,hs,22,quest32_p8,quest32,8,1,5,5,0,True,True,1125;1126;1127;1128;1129,final_coverage,184,0.4970078289625235,0.0009945739875547588,0.49688689899630845,0.0009794869692996144,0.49678407795727253,0.0009795610676519573,,,0.45856438600458205,0.0003487180219963193,,,,,,,,,,,,,,,,,,
W,hs_n22,hs,22,upmem_d64_t24_static_dag_waves_v1_1_f32,upmem,1,1,5,5,0,True,True,1119;1120;1121;1122;1123,final_coverage,183,5.0337949999957345,0.011546959052793682,4.616650217969436,0.013432694016955793,3.9679125969996676,0.019415529037360102,3.2717935480177402,0.019376770011149347,0.069569584,4.5132999999988876e-05,64,True,panel_only_v1,split_complex_float32_v1,static_dag_waves_v1,24,0.6914436699589714,0.0011981010320596397,0.004549359029624611,0.00012601999333128333,0.205217745,0.00048338600000003007,1.369944004,0.01259001400000015,664016.0,0.0,67460064.0,0.0
W,hs_n24,hs,24,quest32_p8,quest32,8,1,5,5,0,True,True,1137;1138;1139;1140;1141,final_coverage,186,2.8025082500535063,0.00633713899878785,2.8023806320270523,0.00633946101879701,2.802121184999123,0.006351333984639496,,,2.6826214939937927,0.006319954001810402,,,,,,,,,,,,,,,,,,
W,hs_n24,hs,24,upmem_d64_t24_static_dag_waves_v1_1_f32,upmem,1,1,5,5,0,True,True,1131;1132;1133;1134;1135,final_coverage,185,15.546504292986356,0.01046243798919022,15.059360830986407,0.015044834988657385,12.796016864012927,0.027593915001489222,11.960866149980575,0.022318004979752004,0.264715298,0.00018638499999995561,64,True,panel_only_v1,split_complex_float32_v1,static_dag_waves_v1,24,0.8254297230159864,0.000662940030451864,0.005065442994236946,0.0001096649793908,0.512589346,0.0016151749999999687,5.389596192,0.023145163999999774,2382400.0,0.0,269647232.0,0.0
W,hs_n26,hs,26,quest32_p8,quest32,8,1,5,5,0,True,True,1149;1150;1151;1152;1153,final_coverage,188,12.65203004097566,0.005785398010630161,12.651899090968072,0.005787399015389383,12.651690972037613,0.005796290002763271,,,12.275806273974013,0.003432501049246639,,,,,,,,,,,,,,,,,,
W,hs_n26,hs,26,upmem_d64_t24_static_dag_waves_v1_1_f32,upmem,1,1,5,0,5,False,False,1143;1144;1145;1146;1147,final_coverage,187,,,,,,,,,,,64,True,panel_only_v1,split_complex_float32_v1,static_dag_waves_v1,24,,,,,,,,,,,,
W,qrng_n08,qrng,8,numpy_p1,numpy,1,1,5,5,0,True,True,1173;1174;1175;1176;1177,final_coverage,192,0.006084485969040543,4.72039682790637e-05,0.004388611996546388,6.445200415328145e-05,0.00408420100575313,5.620898446068168e-05,0.00408420100575313,5.620898446068168e-05,0.0012942430912517011,1.5933881513774395e-05,,,,,,,,,,,,,,,,,,
W,qrng_n08,qrng,8,quest32_p1,quest32,1,1,5,5,0,True,True,1167;1168;1169;1170;1171,final_coverage,191,0.00023767101811245084,5.449401214718819e-07,0.0002142610028386116,1.0879593901336193e-06,0.00015993800479918718,6.160116754472256e-07,,,8.299498585984111e-05,2.9929797165095806e-06,,,,,,,,,,,,,,,,,,
W,qrng_n08,qrng,8,quest32_p8,quest32,8,1,5,5,0,True,True,1161;1162;1163;1164;1165,final_coverage,190,0.014623011986259371,0.0009946539648808539,0.014595217013265938,0.0009949320228770375,0.014524305996019393,0.0009932180400937796,,,0.00012737297220155597,1.3620010577142239e-06,,,,,,,,,,,,,,,,,,
W,qrng_n08,qrng,8,upmem_d64_t24_static_dag_waves_v1_1_f32,upmem,1,1,5,5,0,True,True,1155;1156;1157;1158;1159,final_coverage,189,0.22711261198855937,0.006515451008453965,0.21360900095896795,0.006451385037507862,0.204601542907767,0.005557577067520469,0.10398769599851221,0.009735980012919754,0.0018562459999999998,2.9924000000000183e-05,64,True,panel_only_v1,split_complex_float32_v1,static_dag_waves_v1,24,0.09951504395576194,0.002126620034687221,0.004404208972118795,0.00021801202092319727,0.032316791,0.001911222000000004,0.018520785,0.0017106769999999973,37760.0,0.0,23552.0,0.0
W,qrng_n12,qrng,12,numpy_p1,numpy,1,1,5,5,0,True,True,1197;1198;1199;1200;1201,final_coverage,196,0.008866380027029663,6.832799408584833e-05,0.006586620002053678,7.055100286379457e-05,0.006094862008467317,6.429001223295927e-05,0.006094862008467317,6.429001223295927e-05,0.0019636658835224807,7.73079227656126e-06,,,,,,,,,,,,,,,,,,
W,qrng_n12,qrng,12,quest32_p1,quest32,1,1,5,5,0,True,True,1191;1192;1193;1194;1195,final_coverage,195,0.00043202203232795,3.5820994526147842e-06,0.00040401401929557323,1.9970466382801533e-06,0.0003466529888100922,6.902962923049927e-06,,,0.00022689002798870206,2.9060174711048603e-06,,,,,,,,,,,,,,,,,,
W,qrng_n12,qrng,12,quest32_p8,quest32,8,1,5,5,0,True,True,1185;1186;1187;1188;1189,final_coverage,194,0.01519825798459351,0.0006003989838063717,0.015165827993769199,0.0005997419939376414,0.015088262967765331,0.0005934559158049524,,,0.00018509203800931573,8.145056199282408e-06,,,,,,,,,,,,,,,,,,
W,qrng_n12,qrng,12,upmem_d64_t24_static_dag_waves_v1_1_f32,upmem,1,1,5,5,0,True,True,1179;1180;1181;1182;1183,final_coverage,193,0.26360301597742364,0.01681460498366505,0.24312532600015402,0.0167399889905937,0.2359220179496333,0.01668291201349348,0.12024191801901907,0.012526461039669812,0.00759903,2.896499999999972e-05,64,True,panel_only_v1,split_complex_float32_v1,static_dag_waves_v1,24,0.11161257000640035,0.0005407229764387012,0.003659688984043896,0.00013867602683603764,0.030663892,0.002520783000000002,0.021497033999999998,0.0024868159999999993,49472.0,0.0,94208.0,0.0
W,qrng_n16,qrng,16,numpy_p1,numpy,1,1,5,5,0,True,True,1221;1222;1223;1224;1225,final_coverage,200,0.013922586978878826,7.019797340035439e-05,0.011007492954377085,6.677594501525164e-05,0.010031492973212153,5.4661999456584454e-05,0.010031492973212153,5.4661999456584454e-05,0.0028800449799746275,2.6914000045508146e-05,,,,,,,,,,,,,,,,,,
W,qrng_n16,qrng,16,quest32_p1,quest32,1,1,5,5,0,True,True,1215;1216;1217;1218;1219,final_coverage,199,0.003658002009615302,1.607497688382864e-05,0.0036288429982960224,1.538300421088934e-05,0.0035633519873954356,1.42599456012249e-05,,,0.0027342530083842576,5.070993211120367e-06,,,,,,,,,,,,,,,,,,
W,qrng_n16,qrng,16,quest32_p8,quest32,8,1,5,5,0,True,True,1209;1210;1211;1212;1213,final_coverage,198,0.014457201003096998,0.0007231949712149799,0.014423592016100883,0.0007238590042106807,0.01434273092309013,0.0007301178993657231,,,0.0006217610207386315,8.160131983458996e-07,,,,,,,,,,,,,,,,,,
W,qrng_n16,qrng,16,upmem_d64_t24_static_dag_waves_v1_1_f32,upmem,1,1,5,5,0,True,True,1203;1204;1205;1206;1207,final_coverage,197,0.5236011859960854,0.0020162540022283792,0.49615918000927195,0.00204114499501884,0.48158821708057076,0.0022411548998206854,0.35088831395842135,0.0003216209006495774,0.08168485,3.5942999999996617e-05,64,True,panel_only_v1,split_complex_float32_v1,static_dag_waves_v1,24,0.1271884750458412,0.001984857954084873,0.003833048976957798,9.76879964582622e-05,0.07259369,0.0005562790000000067,0.059827295,0.00036708700000000205,83712.0,0.0,1095680.0,0.0
W,qrng_n18,qrng,18,numpy_p1,numpy,1,1,5,5,0,True,True,1245;1246;1247;1248;1249,final_coverage,204,0.039624997007194906,6.30730064585805e-05,0.036391640023794025,8.729205001145601e-05,0.03093274199636653,0.0001377059961669147,0.03093274199636653,0.0001377059961669147,0.009372078930027783,3.0556926503777504e-05,,,,,,,,,,,,,,,,,,
W,qrng_n18,qrng,18,quest32_p1,quest32,1,1,5,5,0,True,True,1239;1240;1241;1242;1243,final_coverage,203,0.015353985014371574,2.0128965843468904e-05,0.015321669983677566,2.2639986127614975e-05,0.01525240601040423,2.0180887077003717e-05,,,0.011874590010847896,1.394201535731554e-05,,,,,,,,,,,,,,,,,,
W,qrng_n18,qrng,18,quest32_p8,quest32,8,1,5,5,0,True,True,1233;1234;1235;1236;1237,final_coverage,202,0.019193965010344982,0.0009284279658459127,0.019158069975674152,0.0009305179701186717,0.0190712459734641,0.0009282921091653407,,,0.0020812900038436055,1.38290342874825e-05,,,,,,,,,,,,,,,,,,
W,qrng_n18,qrng,18,upmem_d64_t24_static_dag_waves_v1_1_f32,upmem,1,1,5,5,0,True,True,1227;1228;1229;1230;1231,final_coverage,201,0.6999884649994783,0.01155249000294134,0.6674293470568955,0.01187819498591125,0.6285909940488636,0.011918327014427632,0.4960645519895479,0.0017329060356132686,0.083209529,0.00015486400000000455,64,True,panel_only_v1,split_complex_float32_v1,static_dag_waves_v1,24,0.13749858300434425,0.001097767031751573,0.004115513002034277,6.722001126036048e-05,0.080495498,0.006835692000000004,0.118831823,0.0036550979999999955,118176.0,0.0,4259456.0,0.0
W,qrng_n20,qrng,20,quest32_p8,quest32,8,1,5,5,0,True,True,1257;1258;1259;1260;1261,final_coverage,206,0.0537819680175744,0.0076575500424951315,0.053744109987746924,0.007657638052478433,0.05363450100412592,0.007673480955418199,,,0.030068361957091838,0.0022698750253766775,,,,,,,,,,,,,,,,,,
W,qrng_n20,qrng,20,upmem_d64_t24_static_dag_waves_v1_1_f32,upmem,1,1,5,5,0,True,True,1251;1252;1253;1254;1255,final_coverage,205,1.3032895310316235,0.0036212500417605042,1.2656655049649999,0.0031316649983637035,1.136257331003435,0.0037500860053114593,0.9940280530136079,0.007188395014964044,0.087535624,3.06169999999828e-05,64,True,panel_only_v1,split_complex_float32_v1,static_dag_waves_v1,24,0.14329012896632776,0.0036847740411758423,0.004142432007938623,0.00016308098565787077,0.097076396,0.0005053579999999974,0.361354591,0.005064211000000041,218304.0,0.0,16894976.0,0.0
W,qrng_n22,qrng,22,quest32_p8,quest32,8,1,5,5,0,True,True,1269;1270;1271;1272;1273,final_coverage,208,0.12908972305012867,0.003948143043089658,0.12905077601317316,0.003947364981286228,0.12894508306635544,0.00395859609125182,,,0.08665469498373568,0.00280496699269861,,,,,,,,,,,,,,,,,,
W,qrng_n22,qrng,22,upmem_d64_t24_static_dag_waves_v1_1_f32,upmem,1,1,5,5,0,True,True,1263;1264;1265;1266;1267,final_coverage,207,3.7326090700225905,0.05344641098054126,3.6882786949863657,0.053514591010753065,3.0918365360121243,0.05057739501353353,2.931244053004775,0.05500301101710647,0.102213631,0.00021790200000000592,64,True,panel_only_v1,split_complex_float32_v1,static_dag_waves_v1,24,0.15642040100647137,0.003176686994265765,0.004004642018117011,3.7210993468761444e-05,0.135988456,0.0009862100000000151,1.254662856,0.04871556999999993,612192.0,0.0,67424384.0,0.0
W,qrng_n24,qrng,24,quest32_p8,quest32,8,1,5,5,0,True,True,1281;1282;1283;1284;1285,final_coverage,210,0.5254861119901761,0.0005911359912715852,0.5254471219959669,0.0005920669646002352,0.5253275249851868,0.0005948099424131215,,,0.4039904910023324,0.0007452399586327374,,,,,,,,,,,,,,,,,,
W,qrng_n24,qrng,24,upmem_d64_t24_static_dag_waves_v1_1_f32,upmem,1,1,5,5,0,True,True,1275;1276;1277;1278;1279,final_coverage,209,14.125566688016988,0.043065295030828565,14.068023770989385,0.043251243012491614,11.864686087996233,0.049295119009912014,11.6500539080007,0.05424084101105109,0.40064401899999996,3.412100000005358e-05,64,True,panel_only_v1,split_complex_float32_v1,static_dag_waves_v1,24,0.2091903819818981,0.002818181994371116,0.00525617302628234,0.0003843239974230528,0.43588882900000003,0.0003238999999999881,5.182741698999999,0.050296304000000625,2329216.0,0.0,269609984.0,0.0
W,qrng_n26,qrng,26,quest32_p8,quest32,8,1,5,5,0,True,True,1293;1294;1295;1296;1297,final_coverage,212,2.2321098780375905,0.001309446059167385,2.232068696001079,0.0013099980424158275,2.2319026280893013,0.0012982211192138493,,,1.8526708239805885,0.0013726700562983751,,,,,,,,,,,,,,,,,,
W,qrng_n26,qrng,26,upmem_d64_t24_static_dag_waves_v1_1_f32,upmem,1,1,5,0,5,False,False,1287;1288;1289;1290;1291,final_coverage,211,,,,,,,,,,,64,True,panel_only_v1,split_complex_float32_v1,static_dag_waves_v1,24,,,,,,,,,,,,
W,xor_n08,xor,8,numpy_p1,numpy,1,1,5,5,0,True,True,1317;1318;1319;1320;1321,final_coverage,216,0.008931148040574044,6.463198224082589e-05,0.00632960902294144,7.525598630309105e-05,0.0058680090005509555,7.695198291912675e-05,0.0058680090005509555,7.695198291912675e-05,0.0020003319368697703,1.9279832486063242e-05,,,,,,,,,,,,,,,,,,
W,xor_n08,xor,8,quest32_p1,quest32,1,1,5,5,0,True,True,1311;1312;1313;1314;1315,final_coverage,215,0.00031896395375952125,1.3669487088918686e-06,0.00029021198861300945,1.1579832062125206e-06,0.00023099209647625685,4.128669388592243e-07,,,0.00015904399333521724,2.7101486921310425e-07,,,,,,,,,,,,,,,,,,
W,xor_n08,xor,8,quest32_p8,quest32,8,1,5,5,0,True,True,1305;1306;1307;1308;1309,final_coverage,214,0.014638980966992676,0.0009377350215800107,0.014605036994908005,0.0009381360141560435,0.014535936992615461,0.0009362189448438585,,,0.0002379890065640211,6.187998224049807e-06,,,,,,,,,,,,,,,,,,
W,xor_n08,xor,8,upmem_d64_t24_static_dag_waves_v1_1_f32,upmem,1,1,5,5,0,True,True,1299;1300;1301;1302;1303,final_coverage,213,0.33347434701863676,0.01119076699251309,0.3133344530360773,0.011206803959794343,0.3008843729621731,0.008446265012025833,0.18276795197743922,0.006850578996818513,0.004163636,2.1710000000000305e-05,64,True,panel_only_v1,split_complex_float32_v1,static_dag_waves_v1,24,0.1130877939867787,0.0029974430217407644,0.0039478359976783395,0.00032096600625663996,0.053542904,0.0008416069999999942,0.030750703,0.0009023610000000008,58736.0,0.0,36128.0,0.0
W,xor_n12,xor,12,numpy_p1,numpy,1,1,5,5,0,True,True,1341;1342;1343;1344;1345,final_coverage,220,0.013762894959654659,0.00010602892143651843,0.009901143028400838,0.00012086506467312574,0.009235705016180873,0.00011484697461128235,0.009235705016180873,0.00011484697461128235,0.0031958399922586977,4.6370027121156454e-05,,,,,,,,,,,,,,,,,,
W,xor_n12,xor,12,quest32_p1,quest32,1,1,5,5,0,True,True,1335;1336;1337;1338;1339,final_coverage,219,0.0006263169925659895,1.6900012269616127e-06,0.0005930669722147286,1.6310368664562702e-06,0.0005278960452415049,3.0889641493558884e-06,,,0.00041165301809087396,2.6199850253760815e-06,,,,,,,,,,,,,,,,,,
W,xor_n12,xor,12,quest32_p8,quest32,8,1,5,5,0,True,True,1329;1330;1331;1332;1333,final_coverage,218,0.01444777101278305,0.00039861700497567654,0.014407331007532775,0.00039690599078312516,0.014334461011458188,0.0004057220066897571,,,0.0003560120239853859,2.8730137273669243e-06,,,,,,,,,,,,,,,,,,
W,xor_n12,xor,12,upmem_d64_t24_static_dag_waves_v1_1_f32,upmem,1,1,5,5,0,True,True,1323;1324;1325;1326;1327,final_coverage,217,0.4768359150039032,0.005606997001450509,0.4387937459978275,0.004724682017695159,0.4194297330104746,0.005775425990577787,0.27430492104031146,0.004158449009992182,0.015745732999999998,8.825999999999973e-05,64,True,panel_only_v1,split_complex_float32_v1,static_dag_waves_v1,24,0.13952355296351016,0.0025689549511298537,0.003869383013807237,0.00016152701573446393,0.075164012,0.0008437790000000028,0.044127574,0.001115335000000002,99120.0,0.0,148896.0,0.0
W,xor_n16,xor,16,numpy_p1,numpy,1,1,5,5,0,True,True,1365;1366;1367;1368;1369,final_coverage,224,0.02287726802751422,0.0002684810315258801,0.0176462969975546,0.00017984199803322554,0.016282733995467424,0.000188659003470093,0.016282733995467424,0.000188659003470093,0.0052243529935367405,3.7837016861885786e-05,,,,,,,,,,,,,,,,,,
W,xor_n16,xor,16,quest32_p1,quest32,1,1,5,5,0,True,True,1359;1360;1361;1362;1363,final_coverage,223,0.005155910970643163,2.958928234875202e-06,0.00511896499665454,3.5329721868038177e-06,0.005047150072641671,3.4370459616184235e-06,,,0.004224275995511562,2.554035745561123e-06,,,,,,,,,,,,,,,,,,
W,xor_n16,xor,16,quest32_p8,quest32,8,1,5,5,0,True,True,1353;1354;1355;1356;1357,final_coverage,222,0.01696455798810348,0.00024359702365472913,0.01691924297483638,0.00024303898680955172,0.01683313399553299,0.0002416290226392448,,,0.0010537230409681797,5.824025720357895e-06,,,,,,,,,,,,,,,,,,
W,xor_n16,xor,16,upmem_d64_t24_static_dag_waves_v1_1_f32,upmem,1,1,5,5,0,True,True,1347;1348;1349;1350;1351,final_coverage,221,0.7739384890301153,0.0516940260422416,0.7007668190053664,0.05184176698094234,0.6715223540668376,0.05197517707711086,0.47734789503738284,0.05068496003514156,0.027074139,0.0002884829999999991,64,True,panel_only_v1,split_complex_float32_v1,static_dag_waves_v1,24,0.19066149200079963,0.002508824982214719,0.004091431037522852,0.0003476860001683235,0.10528897400000001,0.019781332000000013,0.102348464,0.004551464000000005,452656.0,0.0,1797664.0,0.0
W,xor_n18,xor,18,numpy_p1,numpy,1,1,5,5,0,True,True,1389;1390;1391;1392;1393,final_coverage,228,0.05537309200735763,0.0004504589596763253,0.0496237360057421,0.00044680997962132096,0.04370390600524843,0.00041635497473180294,0.04370390600524843,0.00041635497473180294,0.012728099711239338,9.352253982797265e-05,,,,,,,,,,,,,,,,,,
W,xor_n18,xor,18,quest32_p1,quest32,1,1,5,5,0,True,True,1383;1384;1385;1386;1387,final_coverage,227,0.021780923998448998,3.6198936868458986e-05,0.021740685973782092,3.6180950701236725e-05,0.02167149295564741,4.076003096997738e-05,,,0.01830536697525531,3.8865022361278534e-05,,,,,,,,,,,,,,,,,,
W,xor_n18,xor,18,quest32_p8,quest32,8,1,5,5,0,True,True,1377;1378;1379;1380;1381,final_coverage,226,0.01888188102748245,0.00041926198173314333,0.018834683985915035,0.00041978899389505386,0.01875391893554479,0.00041800597682595253,,,0.003312591987196356,7.066992111504078e-06,,,,,,,,,,,,,,,,,,
W,xor_n18,xor,18,upmem_d64_t24_static_dag_waves_v1_1_f32,upmem,1,1,5,5,0,True,True,1371;1372;1373;1374;1375,final_coverage,225,1.595644743007142,0.007653049018699676,1.4772827650303952,0.0075648329220712185,1.3881065630703233,0.012271061888895929,1.1205217689857818,0.013230154057964683,0.050508006999999994,5.2894000000004715e-05,64,True,panel_only_v1,split_complex_float32_v1,static_dag_waves_v1,24,0.2633736410061829,0.0019884869689121842,0.004254789964761585,0.00012795504881069064,0.268385032,0.006006103999999957,0.29687251800000003,0.008220738000000005,1559088.0,0.0,7059552.0,0.0
W,xor_n20,xor,20,quest32_p8,quest32,8,1,5,5,0,True,True,1401;1402;1403;1404;1405,final_coverage,230,0.05926055699819699,0.008499966992530972,0.059211687999777496,0.008499470015522093,0.059112127986736596,0.008492436027154326,,,0.020372082013636827,0.00706310902023688,,,,,,,,,,,,,,,,,,
W,xor_n20,xor,20,upmem_d64_t24_static_dag_waves_v1_1_f32,upmem,1,1,5,5,0,True,True,1395;1396;1397;1398;1399,final_coverage,229,4.540047633985523,0.014468620007392019,4.319443699030671,0.012127467954996973,3.950540727004409,0.012738300021737814,3.502006891008932,0.003938026027753949,0.143756533,0.0002535649999999834,64,True,panel_only_v1,split_complex_float32_v1,static_dag_waves_v1,24,0.44758615602040663,0.004720412020105869,0.004504857992287725,0.0001395990257151425,0.861335229,0.004176672999999909,1.094141671,0.007473257000000011,5983280.0,0.0,28105376.0,0.0
W,xor_n22,xor,22,quest32_p8,quest32,8,1,5,5,0,True,True,1413;1414;1415;1416;1417,final_coverage,232,0.16690541000571102,0.00534297403646633,0.1668520870152861,0.005340562027413398,0.166749932046514,0.005341116106137633,,,0.12271193601191044,0.0052756210207007825,,,,,,,,,,,,,,,,,,
W,xor_n22,xor,22,upmem_d64_t24_static_dag_waves_v1_1_f32,upmem,1,1,5,5,0,True,True,1407;1408;1409;1410;1411,final_coverage,231,16.334008194040507,0.08060125593328848,15.81243444699794,0.08241112501127645,14.332200806064066,0.07968453486682847,13.320249323034659,0.07686888292664662,0.517364005,0.00040260900000010924,64,True,panel_only_v1,split_complex_float32_v1,static_dag_waves_v1,24,1.0101972490083426,0.0031654509948566556,0.0046038610162213445,0.00026364298537373543,3.3326497,0.03419902300000022,4.290354368,0.031417105000000056,23678512.0,0.0,112286944.0,0.0
W,xor_n24,xor,24,quest32_p8,quest32,8,1,5,5,0,True,True,1425;1426;1427;1428;1429,final_coverage,234,0.7507747240015306,0.0002957630204036832,0.7507208949537016,0.000295668956823647,0.7506147219683044,0.00030552386306226254,,,0.6346866950043477,0.0022385530173778534,,,,,,,,,,,,,,,,,,
W,xor_n24,xor,24,upmem_d64_t24_static_dag_waves_v1_1_f32,upmem,1,1,5,5,0,True,True,1419;1420;1421;1422;1423,final_coverage,233,65.87219017196912,0.14223402400966734,64.3177348600002,0.1413478390313685,57.44919564796146,0.0762443040148355,54.321818412980065,0.0755266590276733,2.011188015,0.002365198000000124,64,True,panel_only_v1,split_complex_float32_v1,static_dag_waves_v1,24,3.123688278021291,0.0029735269490629435,0.0051170699880458415,0.0005874409689567983,13.433087547,0.05990937099999982,17.473579594,0.10596134699999737,94457904.0,0.0,449011488.0,0.0
W,xor_n26,xor,26,quest32_p8,quest32,8,1,5,5,0,True,True,1437;1438;1439;1440;1441,final_coverage,236,3.270032722968608,0.005756124970503151,3.269976207986474,0.005755411984864622,3.269820644054562,0.005756726081017405,,,2.894371456990484,0.005723614012822509,,,,,,,,,,,,,,,,,,
W,xor_n26,xor,26,upmem_d64_t24_static_dag_waves_v1_1_f32,upmem,1,1,5,0,5,False,False,1431;1432;1433;1434;1435,final_coverage,235,,,,,,,,,,,64,True,panel_only_v1,split_complex_float32_v1,static_dag_waves_v1,24,,,,,,,,,,,,
