view,case_id,point,cell_id,median_prepared_call_s,raw_mad,count
T,bb84_n18,T1,cell-5a0d55996c90e4b5adc824c1861e7bbfe0133ee4ec1944e6c65a3c023b99d88b,2.8199053849675693,0.0037915410357527435,5
T,bb84_n18,T2,cell-2ba5433672891faa7e058961bb03b593c6d0a4a6d893dc5d98072c5de9137cca,1.699740246986039,0.0017790929996408522,5
T,bb84_n18,T3,cell-80f18c66ae54e5b98dd1439d7aae6d5f0b65b9100f911f69d318749253855069,1.3175024850061163,0.018284073972608894,5
T,bb84_n18,T4,cell-38f6656953da69416895100d9ebbff1f7378d13005379c1af8d655b068fc17bf,1.148857748019509,0.015566133020911366,5
T,bb84_n18,T5,cell-81d944ad32fa493c692697452a4622141ce4bc0ada0ded9f04f1fa0479f5909a,1.0460616790223867,0.005339837982319295,5
T,bb84_n18,T6,cell-363c438768ade2018361263dd6db3913279795dea46d6cc7bc32a14cccb48a8f,0.9815215530106798,0.012140304956119508,5
T,bb84_n18,T7,cell-44b591523cc1e116919f7d39c13c4891a39401832dce3d5e7b2cfffede891319,0.904575755004771,0.0033210969995707273,5
T,bb84_n18,T8,cell-1ecd50fb53ab8b81de7b4edafbca637a05b50837f567d494ea7ab719b544f281,0.859811267000623,0.012599319976288825,5
T,bb84_n18,T9,cell-c8ffd1cd9119868f092bb2e3b00022f2a5d458ee491c328a50fc0ce21fbb2400,0.842289283988066,0.011653726978693157,5
T,bb84_n18,T10,cell-537bbe0d115e3b7c5cba6e7789a2b127e7cebf714b4cc258d52875076510b80c,0.8218903460074216,0.004368296009488404,5
T,bb84_n18,T11,cell-560dbf9ec78f4c4476f11c0ff16f999ab6255803caa7becee697ab3feb17c346,0.7979168540332466,0.002782569034025073,5
T,bb84_n18,T12,cell-41a80064f42c608781d7a9f5e22255e489b7915bf59c559422ad7437423c116c,0.7992790949647315,0.00553233502432704,5
T,bb84_n18,T13,cell-1d24c68be5191bb1e50adda9fd660742815cea145f30ae303e14292c195f43bc,0.8020372979808599,0.008942820015363395,5
T,bb84_n18,T14,cell-4a7a78320dd20510acc73c92c2519e8aa1bf1e943ab62818b023a1d3da1d129c,0.801403506018687,0.0049996349844150245,5
T,bb84_n18,T15,cell-5527f48b6210b6c22c9d62fe38aaa34ab204bb6a04911664fa11d566db165b65,0.8019401580095291,0.005708537006285042,5
T,bb84_n18,T16,cell-b837a3d7b276a4c1c0dfebec8acfb2ac2822214660406232db44199d44f4d260,0.7994907079846598,0.0028372639790177345,5
T,bb84_n18,T17,cell-e7d3142651d83281f7468e36bbc2bafeadc0f39a7e1059594b454fdfc0679c24,0.7999856430105865,0.0019695269875228405,5
T,bb84_n18,T18,cell-213d0e5f374fbd219806c2a749d4ddfc4dc9c9048b219e774996de590325196b,0.8055220640380867,0.006114441028330475,5
T,bb84_n18,T19,cell-afaa87f8ccc6c7bc02bfee0c8969931ce5f4221366d4a8c65de49d00bc871084,0.7963691609911621,0.005272636015433818,5
T,bb84_n18,T20,cell-7b56a0c037bcdb07d7dfa346f9b5d4e9335993de804bafd1677d99bf810518f9,0.7982606870355085,0.014786162064410746,5
T,bb84_n18,T21,cell-fd6bba306ed29882718b56479ae3b672dda900f422bfc4e198ad55c4bac3e8c2,0.8034486640244722,0.004971583955921233,5
T,bb84_n18,T22,cell-485dbea61732ce946e539d52183d18a85c9ddff07fffaf122247b3711d894860,0.8005736300256103,0.0028370279469527304,5
T,bb84_n18,T23,cell-573a03bb74f298380d84e5c8199260b1a4067bb396bac8603656a1df62cc5d6a,0.8129694100352935,0.007737814972642809,5
T,bb84_n18,T24,cell-4d763bd3c222c55a34c4860bbe956a1dfe229c38fa4ba2afbca8a5136abd7d30,0.8011982070165686,0.00849547900725156,5
T,bv_n18,T1,cell-126b61ae3d77f074a408c6e7f792e952c10e9f99a0becf6f171f7d04d05847d1,3.1476357619976625,0.003090941987466067,5
T,bv_n18,T2,cell-9f63a776690668364561605a31d19ffe43a2d4b1ae97e4d6dbc10f19102b9cb4,2.012297635024879,0.007082930998876691,5
T,bv_n18,T3,cell-0bd687748b8a5cb1662433a7aa07f932cde6ea81e14a56df76c0654b4eaa19b0,1.6317639120388776,0.013825768954120576,5
T,bv_n18,T4,cell-27c43433d1fab118e59bb8d097a5deceb038b527be9258cfe7c268c398a5a247,1.423078986001201,0.004558740998618305,5
T,bv_n18,T5,cell-a16afb173de7f6bde7b64395cd335727f945079499943405494fdb1ac5376fdf,1.3465946050127968,0.01450721500441432,5
T,bv_n18,T6,cell-3fa3987d0c49373e092dad40f0113a2674e791372b12a942925d9cd1594dbd9b,1.2633145159925334,0.0074995000613853335,5
T,bv_n18,T7,cell-31a74faad05704fadbdadaed9ca7bfdd6dccfad4d551af1ffc09892eba0f638e,1.2050066430238076,0.009086283040232956,5
T,bv_n18,T8,cell-517d732a7ef24dfdd0dace299d8be74b7f1a671cddc63f606b5aed12fa16b78c,1.1586157359997742,0.011678479029797018,5
T,bv_n18,T9,cell-72921fb54f8859a27d6ab1c50bb318525b1c5cced9b206ef512b014aa5bc2f51,1.1407726180041209,0.004289907985366881,5
T,bv_n18,T10,cell-1d597d23c15dd0551203e7f7820f9e792320b9fa8cbce3c03acd395043fe7804,1.1279990519979037,0.007219788036309183,5
T,bv_n18,T11,cell-e769c5e9cb1ac7f08989850c74fd29b6521a343220d2a37e2b531578ee4592a1,1.1020004180027172,0.0029421239742077887,5
T,bv_n18,T12,cell-246adeb90cc7ce87c09f36c5a8a75744f5bc9f1887bc44f24b60ebfb2077774b,1.0752056820201688,0.009856969001702964,5
T,bv_n18,T13,cell-8d7aa71e4fed7fd459ca37eb1203a433d71adf3a773a97bc18f20ecd60a0acc4,1.0960766759817488,0.0023362429928965867,5
T,bv_n18,T14,cell-a7a09be8af69d4e20f52139fa5f496eae05492e1fef13030e2b052b376c6cc86,1.117749669996556,0.014184981002472341,5
T,bv_n18,T15,cell-390fa7d6b9be20a490ed091d8e1ab35913b9aea0388eca2415116f6b348bc6d9,1.109888156002853,0.010659958992619067,5
T,bv_n18,T16,cell-ed3cc79ef9e813684d9bf7f0749a9d59f3044b78e6a33be6a9428d7e04291e06,1.1026560940081254,0.0035450090072117746,5
T,bv_n18,T17,cell-37afb89a81a4a33c7dfb15a56cd7251527eed1cf68194c2af96b958eb8f69310,1.1063882439630106,0.006099443940911442,5
T,bv_n18,T18,cell-128a03d27a53e2ef477447e22d2b9c56f6d950db52099597f69373743fc9f90a,1.1143946470110677,0.008392039977479726,5
T,bv_n18,T19,cell-8f125914e5e90bda2ddcbc79e9d7ebd200c5226e5b19694368c08208b9c2c058,1.1098428769619204,0.030869495996739715,5
T,bv_n18,T20,cell-9d5681dfa3a394178d79792df4f946d54e52f60ba1ef3834f35941b0047fe06a,1.1087210240075365,0.023294248967431486,5
T,bv_n18,T21,cell-67bc542f4af1bf62bbb366a159bc7adea10f351cb3daa85ed326e560d9d6cd6a,1.1213697689818218,0.00678591598989442,5
T,bv_n18,T22,cell-f0592b63359092a4dd7f1fabbb4751557a7134794b5ac6d6210c354b46f52546,1.0971138129825704,0.005398482026066631,5
T,bv_n18,T23,cell-883a761865c6b564adb419ac2692bdcc773aa306f2390852b8b8a6a881a11d46,1.1222217630129308,0.004550223995465785,5
T,bv_n18,T24,cell-c18ef2d61753bcc8eb94479539b24357057e44a9f2276fa5122655b55dfa310f,1.1156387620139867,0.0015205390518531203,5
T,edc_n17,T1,cell-904ebdc712d340bcb710b7bfe9226aa0eca39ea6396e1120cafcc7ae7ef26e94,17.039003785001114,0.015182222006842494,5
T,edc_n17,T2,cell-952ef1d31d16e88be7ac3b01d0dc6d8e1279e6803b4ebf96be064a193b3fcb0a,9.540238839981612,0.04925388202536851,5
T,edc_n17,T3,cell-ff065cda487a892bcc33a4c9bd008858f0aebc8014f4f02cf8d50e8e4f621715,7.67486089799786,0.06364863796625286,5
T,edc_n17,T4,cell-558fbfafd0736d8eb7f9b44c1780d982f3b74a2dfbdfd7f026d074c2eaace5b7,5.791942832991481,0.016108481970150024,5
T,edc_n17,T5,cell-28a076e81e2ce786fed441c12b120aec7afb9b54fe94475395c4a7c4e196f7ae,5.7851923069683835,0.017164683958981186,5
T,edc_n17,T6,cell-6613a8a1d3d0699b41f4bf88712908b24abdf9c0735646af512cad2c54669d13,5.74774838599842,0.04921561700757593,5
T,edc_n17,T7,cell-19e801741b6d9478a56f5e7948f34c149a48258ab4445b2d2b5dbb7dcefd72e9,5.77153458003886,0.04219191602896899,5
T,edc_n17,T8,cell-80ff103fe974788386d5ac93701495ae466d82afac13069f32f0942da82e683e,3.872639707988128,0.056980970955919474,5
T,edc_n17,T9,cell-6b065fbf5b2b3b1b5665d3894aac247f70cc302ffc1abbdf287f12522cd19bb9,3.8917175909737125,0.05844072002219036,5
T,edc_n17,T10,cell-1576540bc9eddf62742fbd58f0b7654291b8f8d3bed5a913998540fcbf706f4c,3.9092287350213155,0.015882766048889607,5
T,edc_n17,T11,cell-c12b269a154b94bac91bb66592e5f1e873a416f6034b8da42e97bdde61c8ef81,3.904263182019349,0.043217287049628794,5
T,edc_n17,T12,cell-5e22d583e02f4033c7e53e01d2dd7517d4dd22432ee588f330c25826028b83b8,3.923400628962554,0.016755906923208386,5
T,edc_n17,T13,cell-6588f5e5635bb8d69c6eaec83a8876038cb82b468f0616de84e5e835a2e251a8,3.9212695169844665,0.012818004994187504,5
T,edc_n17,T14,cell-61e27e4784b0028b4d7911231caf06972873c473197261743479061c10eef60d,3.958011673996225,0.007027188024949282,5
T,edc_n17,T15,cell-d7aa7d86afa0e8dc33101bf830891a0fa0bce3622946b1ab20b33c49c6432635,3.9973586130072363,0.031448736030142754,5
T,edc_n17,T16,cell-d3173ad9f3574e0234c4e6480d8630abfb7734066977ec2dd141800e1bbf0786,3.926966684986837,0.07192927901633084,5
T,edc_n17,T17,cell-e190a47082ec9e2551ee031f2d6142817c5fce0418797ac602a590ba7347497c,3.941504492016975,0.04094918497139588,5
T,edc_n17,T18,cell-33ddfa0fe7332075b32d41fe6a591bd1ff1908443aa7dff7f4d52ee053e43841,3.940073248988483,0.01266794401453808,5
T,edc_n17,T19,cell-9f3cf3f445117aae658620fad86429c6bcf2402cf13a083e31b2ffaf37554b7c,3.9203036360559054,0.03934193204622716,5
T,edc_n17,T20,cell-133afcdcb9fa34a6a6de42957d13828ae28575e5d53e58c55714a4d0c9800322,3.9570396880153567,0.07943959400290623,5
T,edc_n17,T21,cell-453d66fde9fbbc9592c9a724cce5cdce07b27a4e56ca051587fa10a86c9c08df,3.9734405810013413,0.026427717006299645,5
T,edc_n17,T22,cell-98d47586f377ec0841e201b236a3e4fded8f6fcf0b3d4aaf56070b138623e4c2,4.06732687400654,0.016008895996492356,5
T,edc_n17,T23,cell-b6d6783d5a9a8acc4090c2d35c5cc565a260dd0283bb8692ea7c87f24b2adae4,3.996130315994378,0.0034670140012167394,5
T,edc_n17,T24,cell-f8fa0889123480f3d77ad9f4ed845143563cae1553538f6bb760eb20d872b95f,3.9841214700136334,0.040019376028794795,5
T,hs_n18,T1,cell-bb60f34b41be7c2fa6b05d677af3a3914767425628955f479484c20bf0e1172c,4.0437677299487405,0.0028459300519898534,5
T,hs_n18,T2,cell-0a6e26f550cbb721b583b567cc6f79d55469a701ede674715014d157863e4754,2.9136753320344724,0.027098045975435525,5
T,hs_n18,T3,cell-41eb596e5ad2a6b9234d3599b296aee791d48af63113a449c789746dd316243e,2.6076104159583338,0.027187480009160936,5
T,hs_n18,T4,cell-5c3f99915a64b08a48f7b8439fb774119def11ff1daed501bacac26bd8462280,2.384596918011084,0.01641150302020833,5
T,hs_n18,T5,cell-f40d42fa83cb4d8b12b5893066b318ca3314fff1106a6dd3c014a249ad9a1b09,2.26305385195883,0.00757293397327885,5
T,hs_n18,T6,cell-098c63a3aa14fd727b444886359706baee3164b9dad72b8bfbc7426df735cdd4,2.196216960030142,0.021591986995190382,5
T,hs_n18,T7,cell-28e421ddfab83ffdf7704a5a2276d50a4ea00c5880427e302941b0cc0d19a911,2.112945785978809,0.013850412971805781,5
T,hs_n18,T8,cell-a81fcf1c11705e95b0da6a63b421d3f2b56b61f855696f95486be34223cfefd0,2.0976687440415844,0.015742540068458766,5
T,hs_n18,T9,cell-8975124c43b98090857d3b63197d6f17ed305a464bfb46f18987462adf30f412,2.060603661055211,0.03942539694253355,5
T,hs_n18,T10,cell-ce5d55b151031bcfa6652473f5829218de904c243dce3c6096229d39e6855fd2,2.069946206989698,0.0023393910378217697,5
T,hs_n18,T11,cell-dba233cc0f1c1729ed01ee3b570aabd2782fc95fc7cb7b4885637ea77d9c7961,2.0462775490013883,0.038423112011514604,5
T,hs_n18,T12,cell-dc0a5cd48d8aa77156b662aa6ba12aea2cbb401895e92fe6227654deebfd835f,2.0583244810113683,0.027783433033619076,5
T,hs_n18,T13,cell-cdf2294374037fedd53e7b19e6833aee04b7b19c942e66be7d83a8e2e713ed69,2.0216037489590235,0.02997978893108666,5
T,hs_n18,T14,cell-25c8679e2877c487b94936b4e02ed2a920d6f4732513b5c9daea95e30c2fa469,2.0453835479565896,0.02224544098135084,5
T,hs_n18,T15,cell-596a20b230eac7c1836b18a11ab446a949da9a043c3d536d4c1f5929c82fa878,2.047255765995942,0.03283629199722782,5
T,hs_n18,T16,cell-330409584dc20b8e574ede26c239106f4ed22bccc5577e65350848986e41a3a9,2.0271485570119694,0.013581748004071414,5
T,hs_n18,T17,cell-21e77bd5995e103c62ce1087c1ae3f60fda72b0e27e363a739c8a2a67dbc1274,2.0673094570520334,0.015965904050972313,5
T,hs_n18,T18,cell-d2a8e7a73666fa621549ac57fdd47b092338b048889dfa25ee8e6239a8ba99b0,2.0396264389855787,0.023395936004817486,5
T,hs_n18,T19,cell-627c2470c16b7c87b091e36c1c827ec3999dedeb89daf885b9b0bd44ddc2de3c,2.0493465479812585,0.02281911694444716,5
T,hs_n18,T20,cell-e15406721fd4fbadc501d6ec6616ef35cae714a043f08b3233805070848ae931,2.094194985984359,0.010709116992074996,5
T,hs_n18,T21,cell-1660b0baf87b188d6fbd40b87bffa7c07e4ea6b3e75c423444ee08976c3ba72e,2.0698506330372766,0.009846660948824137,5
T,hs_n18,T22,cell-9a14090b1e44ab1f8b365506e8b1712564db88300eaa4242aa9b84f1280e5ebf,2.04915684601292,0.021597240993287414,5
T,hs_n18,T23,cell-62a9c7655ee325085d2d1e02a9b20a8693553526b571c7247fa97af5c2c2690a,2.15766186703695,0.021573565958533436,5
T,hs_n18,T24,cell-31b19b10b1d1886c26765c3cb05e62f1cb384dbd879b5655600d4d80bf1eb616,2.0577513829921372,0.01886024500709027,5
T,qrng_n18,T1,cell-f50a27e4e009730a3b1d365bc86190773268d8cbefab93f3f17bddb0c2e2c25d,4.0362315570237115,0.005154740996658802,5
T,qrng_n18,T2,cell-2a572d38a01633f03c5e9ec79ccea4288bbe48715ad3e0d3cd6e5788e2a50c0c,2.3212623950093985,0.00859464198583737,5
T,qrng_n18,T3,cell-00cc838666e06c32ee9cbe9548f6dcb5f3d5cbfe85e6e9236a08ec28995c8633,1.7557379769859836,0.00991519697709009,5
T,qrng_n18,T4,cell-0080d4585b332bd8e31923971e4ad47b2637aff70e916901de6fab69d5510984,1.4630097899935208,0.0069886259734630585,5
T,qrng_n18,T5,cell-28474e4369716b868c0ce368e3dacfa6cfc8782e4f77f7c44e307b2854683f39,1.2802837369963527,0.011728821031283587,5
T,qrng_n18,T6,cell-36c8fd4afc7e4fcdcdf08895b63bbfd236e87b16ed5ae8d65d80bba739eb4356,1.1826143710059114,0.001951409038156271,5
T,qrng_n18,T7,cell-c08c63fe9014617c818cafc9bd0a6def86e725902567926c949c865a9d2e8e66,1.0940365149872378,0.00467793399002403,5
T,qrng_n18,T8,cell-1a1c668a42a425e92f9bc474f5e55ed9ff7d390415bd647dde80de191a25cea5,1.0146231380058452,0.007615294016432017,5
T,qrng_n18,T9,cell-556abfde748f9e524dea400db51afa8719344c212ebbaca7ad4af97766c3bf23,0.9848788270028308,0.0036572450189851224,5
T,qrng_n18,T10,cell-a39dda06fd897ef1e62fbd86715cd3d602acb47adda6dca277993184c81ed0e3,0.9349789079860784,0.007838645949959755,5
T,qrng_n18,T11,cell-e8d003ee9f33963c731ab595a510f673d9411aa57c18b29d35580ee1a38b3859,0.9287242920254357,0.0039764929679222405,5
T,qrng_n18,T12,cell-141b07ecf76db8a6dac851920dc983a7acaad215ae9a7cdc3b3cbbf7f72db881,0.9216850340017118,0.01731957698939368,5
T,qrng_n18,T13,cell-71781e0b6c066445fc2a7afacf81277be52d02a4cf02f3757a6b10f1aa972235,0.9047271760064177,0.009729099983815104,5
T,qrng_n18,T14,cell-8aa0a20a60faf0e26aa98d4c05c3381313d90255316f15ef0205ef33d21d9742,0.9272894549649209,0.0034396399278193712,5
T,qrng_n18,T15,cell-f93b465adf306054b2662503ecf9ddba060213ffbaf168f620a33f75a447985f,0.9228782650316134,0.0020405170507729053,5
T,qrng_n18,T16,cell-e0261505f60810f8ab0dc848ebedfedf5f509d00b72fd56aa5171f395e59876c,0.9176903550396673,0.0031472829286940396,5
T,qrng_n18,T17,cell-56408f860207a25177995d3df59628d01b171ae4dbb547750cbbcf26f0375c25,0.9246812729979865,0.009406303986907005,5
T,qrng_n18,T18,cell-4fc96ce3cc3bf7832a726d19fb341aa5a616bffdbf0c8c4720d2a98e30b82dda,0.9071707469993271,0.03727709798840806,5
T,qrng_n18,T19,cell-02e9ad2877d84b7ad9e1ffa158020475117abe6c9549d52e13b7f9126e117e4e,0.9096960379974917,0.011914358008652925,5
T,qrng_n18,T20,cell-c9c4b3dc79e5f5c92ae7a58a0ac1f4fed0341f936166f5f0f9f3c1aec9b7cc7b,0.9219192169839516,0.002366189961321652,5
T,qrng_n18,T21,cell-1918a1bb0f6a9228b5982f14a9983487e2f522e808760b3caa6f46182a4ebb67,0.9181360849761404,0.0034539520274847746,5
T,qrng_n18,T22,cell-766d68b696d6272f358c8592843b663b2878a861fb20a7c35d6b05e4caa911d9,0.9067484309780411,0.002406882995273918,5
T,qrng_n18,T23,cell-506ba7dd634c1c8fd98e399b6c97e908932f9d43206b01bd7806a5c631d20f22,0.9291092989733443,0.014739437960088253,5
T,qrng_n18,T24,cell-03199a1db7ef7ca3f5a820d1732d2c6825ccddb3412cf2567ea42e148469d251,0.9203819090034813,0.0017323420033790171,5
T,xor_n18,T1,cell-6a9c328154bc9e3c984c1946792d02b6e007a6be06059c86510817482a22c06f,10.863929505983833,0.06782903097337112,5
T,xor_n18,T2,cell-4a740177b0fb0309abecf9c9df81ab3e311fb73ea6359b413b9b1804a648a451,6.812812752032187,0.02880568994442001,5
T,xor_n18,T3,cell-6a16e35935c1e8b01a231deab5bea34485526224f5815230a5ccc6d42e1d46d0,6.445565233996604,0.01478616800159216,5
T,xor_n18,T4,cell-4efe1b23780fbc2cd65265391c0d2a01ebc8421854d216b31d83d810a0a01e80,4.845697055978235,0.07910856802482158,5
T,xor_n18,T5,cell-8d0a92d660082ccac5e04d8c3c52c000e73624ea4376a1087f2398962de3e361,4.915112113987561,0.01068777299951762,5
T,xor_n18,T6,cell-b2e8823b6fe1e501f2ec4c0413756af518ca92277967d89a739090ba0297c536,4.88093053502962,0.012363788962829858,5
T,xor_n18,T7,cell-fc591b7ecdc0f1dd2442944ade23d08fc0eba0ba2f65f3d75e1d00a5b4b4d53b,4.872147777990904,0.1032367620500736,5
T,xor_n18,T8,cell-57b91334c09cf298ac73ed7ece2d55923e9667f477da5bc8ec045b7d5e9ce989,4.578547260025516,0.02113941597053781,5
T,xor_n18,T9,cell-7d5b840e2538cf652f904274897b4a0ce866cfe39c49f63ae1f4ec0954a6c7ff,4.629722672980279,0.0447320100502111,5
T,xor_n18,T10,cell-6cf996268c566df660fb0566c033d0564e0008fea07bf9d77f7ea130de99649c,4.513964191020932,0.17616813897620887,5
T,xor_n18,T11,cell-2d6bc5bff719149330254b0203d97cd038a083f171eca87cb0ed8bb9e7340594,4.465910256956704,0.14507790404604748,5
T,xor_n18,T12,cell-677c469af47cb615cf1d571954340be9a23375169f0b1cd46bf1e31ea198654d,4.566813836048823,0.018416286970023066,5
T,xor_n18,T13,cell-174e6da86e3e9c6b6aa429b9980b394d1565312f4b0528300b760b7e37eaddb8,4.592989800963551,0.050430129980668426,5
T,xor_n18,T14,cell-f302781fdf4571abec6df36bfb82f589b4a03b8e1c4ad258fb62edab35058a5b,4.6303330779774114,0.08435412897961214,5
T,xor_n18,T15,cell-48da389e9173532c2076b1f2046130fc25bdcd714c4b3cf0def21c705549a84e,4.618352425983176,0.0735751959728077,5
T,xor_n18,T16,cell-b2387aab2db08137cebaa2f5e6e544e21cfc982fa894676c0621b37db3bd6aae,4.607764435000718,0.0719567850464955,5
T,xor_n18,T17,cell-ab7d2d1228d00fa58d440ef794f3894ce54b16275a500c93941f0502e3620a70,4.673714584961999,0.038005833979696035,5
T,xor_n18,T18,cell-6d76caa9ea4f3bd37416736ea2a9028fbff55092e23fe5504cb612fcbbf39d02,4.407273427990731,0.01328097196528688,5
T,xor_n18,T19,cell-2b39e78fad3e00ccec804df40855b1b9b1fddbbddf8c7902040a30e1fe297fbc,4.63758321700152,0.06967956101289019,5
T,xor_n18,T20,cell-47f864c98fd048d1e8956940db4ef5e388733ac1baca805b96f1eb9ea2524bd0,4.67856428300729,0.04763085301965475,5
T,xor_n18,T21,cell-4beec54b29b444e97cdc9a1377dd126a57897e347eb49a4cb491be3375ba2ddc,4.678313003969379,0.0692313690087758,5
T,xor_n18,T22,cell-0ae24cb9e66533bae6a08c5ae50ea3cf02753a53c9ecd7f0681a14b53b4829c6,4.730827154999133,0.06925853103166446,5
T,xor_n18,T23,cell-34284688b80c47b55062fa1942dd12f58487e4ef12a9db56c89dffa2ecc6ac32,4.672113791981246,0.17113188200164586,5
T,xor_n18,T24,cell-d263b391cc9f15219412e6088b49c29df920bc1f09bbcd245e83617c722665d6,4.749858674011193,0.020142669032793492,5
T,stress_n16_l2,T1,cell-d5352eb09b2f248b087bf407ec80aa3ae312f1383d1581420f65c30fd7fcaf6c,7.779855905973818,0.01579277595737949,5
T,stress_n16_l2,T2,cell-e37e2cb8a73bdaa895334c8676e52c7bd37a95c2fba62ff8381361a48d780211,4.736826584034134,0.001319186994805932,5
T,stress_n16_l2,T3,cell-05673e17d0b831dbc1ab6ae6dcd2b400d572e3f7bf3d6318d6b4ac8b04461d2a,3.992260018014349,0.012699307990260422,5
T,stress_n16_l2,T4,cell-93f0ac2d0c7d595135224a9fb698d1efd2bbee3ecf1f798835163dbe5f1cb723,3.1703557929722592,0.01757198793347925,5
T,stress_n16_l2,T5,cell-40197b961b22ab99e9a2cc528636e7412f68fb7ba620a55c5211547636731274,3.1665602450375445,0.010233050037641078,5
T,stress_n16_l2,T6,cell-b4aee059b59b4324af2aca639936dcc8b0e7e031c75ade18bd6542347c7ab992,2.8681693029939197,0.03453530604019761,5
T,stress_n16_l2,T7,cell-49f1100891847b4189062a715bc25fa7777ac0c6c1bb350e6410cbacbfc75f93,2.877172381966375,0.01793520397040993,5
T,stress_n16_l2,T8,cell-7060fe51fb130b16fa0f359cc73cdacec7ac5f36ab289c64ffb2c69159a9bd8d,2.4669256979832426,0.009758495027199388,5
T,stress_n16_l2,T9,cell-5e36407afd180f2af94b961520c5841e27d12782a9dc95640663496e1338f85d,2.5126206100103445,0.04289657698245719,5
T,stress_n16_l2,T10,cell-147d732ef83723f0563fe6520b8d743d477f72bbbd09029550b06bdffa9b5b4e,2.4180803999770433,0.03579139697831124,5
T,stress_n16_l2,T11,cell-a3b9126c9a86bf24825a8dc887a9cf5a6703ca755c915bc31d62f92dc136a06c,2.464873156044632,0.022852669935673475,5
T,stress_n16_l2,T12,cell-bef8fcceaeff1d83b6048aaaa46291e21e21e55d55be5ec858b2f5c168c3af69,2.452536577999126,0.02192486502462998,5
T,stress_n16_l2,T13,cell-e97ab843be1324734017071ffb89c236660febe79140cbaabfe1ed68c370beb8,2.5919503159821033,0.04635941400192678,5
T,stress_n16_l2,T14,cell-b5c3ab3b30958ad195f455fd5224514baced5d03b712475dbc62961e4c7b77df,2.614021116984077,0.019127234059851617,5
T,stress_n16_l2,T15,cell-48f5442baf8d877be2711f49ce4dc012fdee95012ccc280de420613ddc1a3399,2.65949631400872,0.0018393290229141712,5
T,stress_n16_l2,T16,cell-dc1b21329bc8d23f66b2ee5918017a799dfd22d3ce2dd68b1642027a24bfe90b,2.2439000529702753,0.010100012994371355,5
T,stress_n16_l2,T17,cell-711bb0cef56734486d89270123d5047cfef1bd9b13defc5fe4d099c6f464d895,2.262074987986125,0.019651351030915976,5
T,stress_n16_l2,T18,cell-2b5fdbd97c92fc51ada24f773e4e62fa7f16bd5e12cde7cd82778a6aac9575ca,2.335007616027724,0.01849688997026533,5
T,stress_n16_l2,T19,cell-5c6294b3e2152b147abc7829473311c3400a2df9bfddadeab34786098853f2d4,2.240116033004597,0.04497128096409142,5
T,stress_n16_l2,T20,cell-069fb7dc1d1e4f5b097249e456b30489ef76d1d95ab0476bd9ed6f89ce5760d2,2.2668383690179326,0.017847128037828952,5
T,stress_n16_l2,T21,cell-a1eeb691d153e0a5b6d128e8ed9b3d06645003f0708919b0f6f5246913cd5e07,2.268619653012138,0.01778615202056244,5
T,stress_n16_l2,T22,cell-44422dd983dbaf4f161e3a61760d1ad905530ae29f9b3b33be065846d16efc16,2.3247540530283004,0.059710553963668644,5
T,stress_n16_l2,T23,cell-b41434686b39592e8091a60e31574f53b57f0c886ec33c70aee5c8c9e1f0907a,2.271110672969371,0.004008806950878352,5
T,stress_n16_l2,T24,cell-dca68362b05c641ea75827e69181c3ad852a64e7008c83fe7163a7ab7292ce15,2.286691626999527,0.01765149104176089,5
